,name,company,year,Price,kms_driven,fuel_type,transmission
0,Hyundai Santro Xing,Hyundai,2007,80000,45000,Petrol,Manual
1,Mahindra Jeep CL550,Mahindra,2006,425000,40,Diesel,Automatic
2,Hyundai Grand i10,Hyundai,2014,325000,28000,Petrol,Automatic
3,Ford EcoSport Titanium,Ford,2014,575000,36000,Diesel,Manual
4,Ford Figo,Ford,2012,175000,41000,Diesel,Manual
5,Hyundai Eon,Hyundai,2013,190000,25000,Petrol,Automatic
6,Ford EcoSport Ambiente,Ford,2016,830000,24530,Diesel,Manual
7,Maruti Suzuki Alto,Maruti,2015,250000,60000,Petrol,Automatic
8,Skoda Fabia Classic,Skoda,2010,182000,60000,Petrol,Manual
9,Maruti Suzuki Stingray,Maruti,2015,315000,30000,Petrol,Automatic
10,Hyundai Elite i20,Hyundai,2014,415000,32000,Petrol,Manual
11,Mahindra Scorpio SLE,Mahindra,2015,320000,48660,Diesel,Automatic
12,Hyundai Santro Xing,Hyundai,2007,80000,45000,Petrol,Manual
13,Mahindra Jeep CL550,Mahindra,2006,425000,40,Diesel,Automatic
14,Audi A8,Audi,2017,1000000,4000,Petrol,Manual
15,Audi Q7,Audi,2014,500000,16934,Diesel,Automatic
16,Mahindra Scorpio S10,Mahindra,2016,350000,43000,Diesel,Manual
17,Maruti Suzuki Alto,Maruti,2014,160000,35550,Petrol,Automatic
18,Mahindra Scorpio S10,Mahindra,2016,350000,43000,Diesel,Manual
19,Mahindra Scorpio S10,Mahindra,2016,310000,39522,Diesel,Automatic
20,Maruti Suzuki Alto,Maruti,2015,75000,39000,Petrol,Manual
21,Hyundai i20 Sportz,Hyundai,2012,100000,55000,Petrol,Automatic
22,Hyundai i20 Sportz,Hyundai,2012,100000,55000,Petrol,Manual
23,Hyundai i20 Sportz,Hyundai,2012,100000,55000,Petrol,Automatic
24,Maruti Suzuki Alto,Maruti,2017,190000,72000,Petrol,Manual
25,Maruti Suzuki Vitara,Maruti,2016,290000,15975,Diesel,Automatic
26,Maruti Suzuki Alto,Maruti,2008,95000,70000,Petrol,Manual
27,Mahindra Bolero DI,Mahindra,2017,180000,23452,Diesel,Automatic
28,Maruti Suzuki Swift,Maruti,2014,385000,35522,Diesel,Manual
29,Mahindra Scorpio S10,Mahindra,2015,250000,48508,Diesel,Automatic
30,Maruti Suzuki Swift,Maruti,2017,180000,15487,Petrol,Manual
31,Maruti Suzuki Wagon,Maruti,2013,105000,39000,Petrol,Automatic
32,Maruti Suzuki Wagon,Maruti,2013,105000,39000,Petrol,Manual
33,Toyota Innova 2.0,Toyota,2012,650000,82000,Diesel,Automatic
34,Renault Lodgy 85,Renault,2018,689999,20000,Diesel,Manual
35,Skoda Yeti Ambition,Skoda,2012,448000,68000,Diesel,Automatic
36,Maruti Suzuki Baleno,Maruti,2017,549000,32000,Diesel,Manual
37,Renault Duster 110,Renault,2012,501000,38000,Diesel,Automatic
38,Renault Duster 85,Renault,2013,489999,27000,Diesel,Manual
39,Honda City 1.5,Honda,2011,280000,33000,Petrol,Automatic
40,Maruti Suzuki Alto,Maruti,2015,250000,60000,Petrol,Manual
41,Maruti Suzuki Dzire,Maruti,2013,349999,46000,Diesel,Automatic
42,Honda Amaze,Honda,2013,284999,46000,Diesel,Manual
43,Honda Amaze 1.5,Honda,2015,345000,36000,Diesel,Automatic
44,Honda City,Honda,2015,499999,55000,Petrol,Manual
45,Datsun Redi GO,Datsun,2017,235000,16000,Petrol,Automatic
46,Maruti Suzuki SX4,Maruti,2010,249999,36000,Petrol,Manual
47,Mitsubishi Pajero Sport,Mitsubishi,2015,1475000,47000,Diesel,Automatic
48,Mahindra Bolero DI,Mahindra,2017,180000,23452,Diesel,Manual
49,Maruti Suzuki Swift,Maruti,2014,385000,35522,Diesel,Automatic
50,Mahindra Scorpio S10,Mahindra,2015,250000,48508,Diesel,Manual
51,Maruti Suzuki Swift,Maruti,2017,180000,15487,Petrol,Automatic
52,Maruti Suzuki Wagon,Maruti,2013,105000,39000,Petrol,Manual
53,Maruti Suzuki Wagon,Maruti,2013,105000,39000,Petrol,Automatic
54,Mahindra Scorpio S10,Mahindra,2015,395000,35000,Diesel,Manual
55,Maruti Suzuki Swift,Maruti,2017,220000,30874,Petrol,Automatic
56,Honda City ZX,Honda,2017,170000,15000,Diesel,Manual
57,Maruti Suzuki Wagon,Maruti,2013,85000,29685,Petrol,Automatic
58,Ford Figo,Ford,2012,175000,41000,Diesel,Manual
59,Hyundai Eon,Hyundai,2013,190000,25000,Petrol,Automatic
60,Tata Indigo eCS,Tata,2017,200000,130000,Diesel,Manual
61,Ford EcoSport Ambiente,Ford,2016,830000,24530,Diesel,Automatic
62,Tata Indigo eCS,Tata,2017,200000,130000,Diesel,Manual
63,Mahindra Scorpio SLE,Mahindra,2012,570000,19000,Diesel,Automatic
64,Volkswagen Polo Highline,Volkswagen,2014,315000,60000,Petrol,Manual
65,Skoda Fabia Classic,Skoda,2010,182000,60000,Petrol,Automatic
66,Maruti Suzuki Stingray,Maruti,2015,315000,30000,Petrol,Manual
67,Chevrolet Spark LS,Chevrolet,2010,110000,41000,Petrol,Manual
68,Renault Duster 110PS,Renault,2012,501000,35000,Diesel,Automatic
69,Honda City,Honda,2015,448999,54000,Petrol,Manual
70,Mini Cooper S,Mini,2013,1891111,13000,Petrol,Automatic
71,Datsun Redi GO,Datsun,2017,235000,16000,Petrol,Manual
72,Skoda Fabia 1.2L,Skoda,2011,159500,38200,Diesel,Automatic
73,Honda Amaze,Honda,2015,344999,22000,Petrol,Manual
74,Honda Amaze,Honda,2015,344999,22000,Petrol,Automatic
75,Renault Duster,Renault,2014,449999,50000,Diesel,Manual
76,Mini Cooper S,Mini,2013,1891111,13500,Petrol,Automatic
77,Mahindra Scorpio S4,Mahindra,2015,865000,30000,Diesel,Manual
78,Mahindra Scorpio VLX,Mahindra,2014,699000,50000,Diesel,Automatic
79,Mahindra Quanto C8,Mahindra,2013,375000,20000,Diesel,Manual
80,Ford EcoSport,Ford,2017,489999,39000,Petrol,Automatic
81,Honda Brio,Honda,2012,224999,30000,Petrol,Manual
82,Volkswagen Vento Highline,Volkswagen,2019,1200000,3600,Diesel,Manual
83,Hyundai i20 Magna,Hyundai,2009,195000,32000,Petrol,Automatic
84,Toyota Corolla Altis,Toyota,2010,351000,38000,Diesel,Manual
85,Hyundai Verna Transform,Hyundai,2008,160000,45000,Petrol,Automatic
86,Toyota Corolla Altis,Toyota,2009,240000,35000,Petrol,Manual
87,Honda City 1.5,Honda,2005,90000,50000,Petrol,Automatic
88,Hyundai Elite i20,Hyundai,2014,415000,32000,Petrol,Manual
89,Skoda Fabia 1.2L,Skoda,2011,155000,45863,Diesel,Automatic
90,BMW 3 Series,BMW,2011,600000,60500,Petrol,Manual
91,Maruti Suzuki A,Maruti,2011,189500,12500,Petrol,Automatic
92,Toyota Etios GD,Toyota,2013,350000,60000,Diesel,Manual
93,Ford Figo Diesel,Ford,2012,210000,35000,Diesel,Automatic
94,Maruti Suzuki Swift,Maruti,2014,390000,35000,Petrol,Manual
95,Chevrolet Beat LT,Chevrolet,2012,135000,45000,Diesel,Automatic
96,BMW 7 Series,BMW,2009,1600000,35000,Petrol,Manual
97,Mahindra XUV500 W8,Mahindra,2013,701000,38000,Diesel,Automatic
98,Hyundai i10 Magna,Hyundai,2014,265000,18000,Petrol,Manual
99,Hyundai Verna Fluidic,Hyundai,2015,525000,35000,Diesel,Automatic
100,Maruti Suzuki Swift,Maruti,2013,372000,13349,Petrol,Manual
101,Maruti Suzuki Ertiga,Maruti,2016,635000,29000,Petrol,Automatic
102,Ford EcoSport Titanium,Ford,2014,550000,44000,Diesel,Manual
103,Maruti Suzuki Ertiga,Maruti,2016,575000,29000,Petrol,Automatic
104,Maruti Suzuki Ertiga,Maruti,2013,485000,42000,Diesel,Manual
105,Maruti Suzuki Alto,Maruti,2012,155000,14000,Petrol,Automatic
106,Hyundai Grand i10,Hyundai,2014,345000,49000,Diesel,Manual
107,Honda Amaze 1.2,Honda,2014,325000,42000,Petrol,Automatic
108,Hyundai i20 Asta,Hyundai,2012,329500,36200,Diesel,Manual
109,Ford Figo Diesel,Ford,2014,195000,50000,Diesel,Automatic
110,Maruti Suzuki Eeco,Maruti,2015,251111,55000,Petrol,Manual
111,Maruti Suzuki Ertiga,Maruti,2014,569999,45000,Petrol,Automatic
112,Maruti Suzuki Esteem,Maruti,2007,69999,51000,Petrol,Manual
113,Maruti Suzuki Ritz,Maruti,2014,299999,19000,Petrol,Automatic
114,Maruti Suzuki Dzire,Maruti,2009,220000,46000,Petrol,Manual
115,Maruti Suzuki Ritz,Maruti,2013,399999,33000,Diesel,Automatic
116,Maruti Suzuki Swift,Maruti,2013,372000,13349,Petrol,Manual
117,Maruti Suzuki Dzire,Maruti,2015,450000,104000,Diesel,Automatic
118,Toyota Etios Liva,Toyota,2014,270000,55000,Petrol,Manual
119,Hyundai i20 Sportz,Hyundai,2011,350000,33333,Diesel,Automatic
120,Chevrolet Spark,Chevrolet,2012,158400,33600,Petrol,Manual
121,Maruti Suzuki Alto,Maruti,2017,350000,5600,Petrol,Automatic
122,Nissan Micra XV,Nissan,2011,179000,41000,Petrol,Manual
123,Maruti Suzuki Swift,Maruti,2007,125000,70000,Petrol,Automatic
124,Maruti Suzuki Alto,Maruti,2018,200000,7500,Petrol,Manual
125,Honda Amaze 1.5,Honda,2013,299000,45000,Diesel,Automatic
126,Maruti Suzuki Alto,Maruti,2015,220000,38000,Petrol,Manual
127,Chevrolet Beat,Chevrolet,2015,150000,30000,Petrol,Automatic
128,Honda City 1.5,Honda,2010,285000,35000,Petrol,Automatic
129,Ford EcoSport Trend,Ford,2016,830000,24330,Diesel,Manual
130,Hyundai i20 Asta,Hyundai,2009,210000,65480,Petrol,Automatic
131,Maruti Suzuki Swift,Maruti,2013,340000,41000,Petrol,Manual
132,Tata Indica V2,Tata,2006,90000,20000,Petrol,Automatic
133,Hindustan Motors Ambassador,Hindustan,2000,70000,200000,Diesel,Automatic
134,Toyota Corolla Altis,Toyota,2010,289999,70000,Petrol,Manual
135,Toyota Corolla Altis,Toyota,2012,349999,59000,Petrol,Automatic
136,Toyota Innova 2.5,Toyota,2012,849999,99000,Diesel,Manual
137,Volkswagen Jetta Highline,Volkswagen,2014,749999,46000,Diesel,Automatic
138,Volkswagen Polo Comfortline,Volkswagen,2015,399999,2800,Petrol,Manual
139,Volkswagen Polo,Volkswagen,2014,274999,32000,Petrol,Automatic
140,Mahindra Scorpio,Mahindra,2015,984999,22000,Diesel,Manual
141,Renault Duster,Renault,2014,449999,50000,Diesel,Automatic
142,Honda Amaze,Honda,2015,344999,22000,Petrol,Manual
143,Nissan Sunny,Nissan,2012,224999,45000,Petrol,Automatic
144,Hyundai Elite i20,Hyundai,2018,599999,21000,Petrol,Manual
145,Renault Kwid,Renault,2016,244999,11000,Petrol,Automatic
146,Renault Duster,Renault,2013,399999,41000,Diesel,Manual
147,Ford EcoSport,Ford,2017,489999,39000,Petrol,Automatic
148,Renault Duster,Renault,2014,474999,50000,Diesel,Manual
149,Mahindra Scorpio VLX,Mahindra,2011,499999,66000,Diesel,Automatic
150,Maruti Suzuki Alto,Maruti,2018,310000,3000,Petrol,Manual
151,Chevrolet Spark LT,Chevrolet,2010,85000,45000,Petrol,Automatic
152,Datsun Redi GO,Datsun,2016,245000,7000,Petrol,Manual
153,Maruti Suzuki Swift,Maruti,2010,189500,38500,Diesel,Automatic
154,Fiat Punto Emotion,Fiat,2012,169500,37200,Diesel,Manual
155,Maruti Suzuki Swift,Maruti,2010,159500,43200,Diesel,Automatic
156,Toyota Etios GD,Toyota,2013,275000,24800,Petrol,Manual
157,Hyundai i20 Sportz,Hyundai,2014,370000,60000,Diesel,Automatic
158,Hyundai i10 Sportz,Hyundai,2010,168000,45872,Petrol,Manual
159,Chevrolet Beat LT,Chevrolet,2011,150000,40000,Diesel,Automatic
160,Chevrolet Beat LS,Chevrolet,2011,145000,45000,Diesel,Manual
161,Chevrolet Beat LT,Chevrolet,2012,98500,38000,Diesel,Automatic
162,Mahindra Scorpio VLX,Mahindra,2014,699000,50000,Diesel,Manual
163,Tata Indigo CS,Tata,2011,85000,11400,Diesel,Automatic
164,Toyota Corolla Altis,Toyota,2015,575000,42000,Petrol,Manual
165,Honda City 1.5,Honda,2014,549000,39000,Petrol,Automatic
166,Maruti Suzuki Swift,Maruti,2011,209000,47000,Diesel,Manual
167,Hyundai Eon Era,Hyundai,2013,185000,27000,Petrol,Automatic
168,Mahindra Scorpio S10,Mahindra,2015,900000,97200,Diesel,Manual
169,Mahindra XUV500,Mahindra,2014,699999,52000,Diesel,Automatic
170,Honda Brio,Honda,2012,224999,30000,Petrol,Manual
171,Ford Fiesta,Ford,2011,274999,55000,Diesel,Automatic
172,Honda Amaze,Honda,2013,284999,46000,Diesel,Manual
173,Honda City,Honda,2015,599999,30000,Diesel,Automatic
174,Maruti Suzuki Wagon,Maruti,2012,199999,44000,Petrol,Manual
175,Honda City,Honda,2014,544999,45000,Diesel,Automatic
176,Hyundai i20,Hyundai,2009,199000,31000,Petrol,Manual
177,Tata Indigo eCS,Tata,2016,320000,175430,Diesel,Automatic
178,Hyundai Fluidic Verna,Hyundai,2015,540000,38000,Diesel,Manual
179,Mahindra Quanto C8,Mahindra,2013,340000,37000,Diesel,Manual
180,Fiat Petra ELX,Fiat,2008,75000,65000,Petrol,Automatic
181,Skoda Fabia 1.2L,Skoda,2011,159500,38200,Diesel,Manual
182,Mini Cooper S,Mini,2013,1891111,13000,Petrol,Automatic
183,Hyundai Santro Xing,Hyundai,2005,49000,7500,Petrol,Manual
184,Maruti Suzuki Ciaz,Maruti,2016,700000,3350,Petrol,Automatic
185,Maruti Suzuki Zen,Maruti,2000,55000,60000,Petrol,Manual
186,Honda City,Honda,2015,448999,54000,Petrol,Automatic
187,Hyundai Creta 1.6,Hyundai,2017,895000,32000,Petrol,Manual
188,Mahindra Scorpio SLX,Mahindra,2007,355000,75000,Diesel,Manual
189,Mahindra Scorpio SLE,Mahindra,2012,565000,62000,Diesel,Automatic
190,Toyota Innova 2.5,Toyota,2006,365000,73000,Diesel,Manual
191,Maruti Suzuki Alto,Maruti,2011,145000,41000,Petrol,Automatic
192,Maruti Suzuki Wagon,Maruti,2011,210000,35000,Petrol,Manual
193,Tata Nano Cx,Tata,2013,40000,2200,Petrol,Automatic
194,Maruti Suzuki Alto,Maruti,2013,125000,39000,Petrol,Manual
195,Maruti Suzuki Wagon,Maruti,2009,135000,45000,Petrol,Automatic
196,Maruti Suzuki Swift,Maruti,2006,135000,45000,Petrol,Manual
197,Tata Sumo Victa,Tata,2012,285000,65000,Diesel,Automatic
198,Maruti Suzuki Wagon,Maruti,2010,145000,54870,Petrol,Automatic
199,Maruti Suzuki Alto,Maruti,2010,135000,34580,Petrol,Manual
200,Volkswagen Passat Diesel,Volkswagen,2009,450000,97000,Diesel,Automatic
201,Renault Scala RxL,Renault,2015,375000,25000,Diesel,Manual
202,Mahindra Quanto C8,Mahindra,2013,375000,20000,Diesel,Automatic
203,Hyundai Grand i10,Hyundai,2014,365000,20000,Petrol,Manual
204,Hyundai i20 Active,Hyundai,2015,500000,18000,Petrol,Automatic
205,Mahindra Xylo E4,Mahindra,2012,400000,35000,Diesel,Manual
206,Mahindra Jeep MM,Mahindra,2019,390000,60,Diesel,Automatic
207,Renault Duster 110PS,Renault,2012,501000,35000,Diesel,Manual
208,Mahindra Bolero SLE,Mahindra,2013,330000,80200,Diesel,Automatic
209,Force Motors Force,Force,2015,580000,3200,Diesel,Manual
210,Maruti Suzuki SX4,Maruti,2012,265000,46000,Diesel,Automatic
211,Mahindra Jeep CL550,Mahindra,2019,379000,0,Diesel,Manual
212,Maruti Suzuki Alto,Maruti,2015,219000,5000,Petrol,Automatic
213,Mahindra Jeep CL550,Mahindra,2018,385000,588,Diesel,Manual
214,Toyota Etios,Toyota,2011,275000,36000,Diesel,Automatic
215,Volkswagen Polo,Volkswagen,2015,330000,38000,Diesel,Manual
216,Honda City ZX,Honda,2008,110000,45000,Petrol,Automatic
217,Maruti Suzuki Wagon,Maruti,2006,80000,71200,Petrol,Manual
218,Honda City VX,Honda,2016,519000,52000,Diesel,Automatic
219,Mahindra Thar CRDe,Mahindra,2016,730000,29000,Diesel,Manual
220,Mitsubishi Pajero Sport,Mitsubishi,2015,1475000,47000,Diesel,Automatic
221,Audi A4 1.8,Audi,2009,699000,47000,Petrol,Manual
222,Mercedes Benz GLA,Mercedes,2015,2000000,20000,Diesel,Automatic
223,Land Rover Freelander,Land,2015,2100000,30000,Diesel,Manual
224,Renault Kwid RXT,Renault,2017,340000,5000,Petrol,Automatic
225,Tata Aria Pleasure,Tata,2014,390000,35000,Diesel,Manual
226,Mercedes Benz B,Mercedes,2014,1400000,31000,Petrol,Automatic
227,Datsun GO T,Datsun,2016,245000,7000,Petrol,Manual
228,Tata Indigo eCS,Tata,2016,320000,175430,Diesel,Automatic
229,Tata Indigo eCS,Tata,2016,320000,175400,Diesel,Manual
230,Honda Jazz VX,Honda,2016,450000,41000,Petrol,Automatic
231,Honda Amaze 1.2,Honda,2014,311000,33000,Petrol,Manual
232,Honda Amaze,Honda,2013,284999,46000,Diesel,Automatic
233,Honda City,Honda,2012,399999,45000,Petrol,Manual
234,Honda City,Honda,2015,599999,39000,Diesel,Automatic
235,Honda Amaze,Honda,2015,344999,22000,Petrol,Manual
236,Audi A4 1.8,Audi,2009,699000,47000,Petrol,Automatic
237,Force Motors Force,Force,2015,580000,3200,Diesel,Manual
238,Mahindra Scorpio S4,Mahindra,2015,855000,30000,Diesel,Automatic
239,Hyundai i20 Active,Hyundai,2015,535000,37000,Diesel,Manual
240,Mini Cooper S,Mini,2013,1891111,13000,Petrol,Automatic
241,Maruti Suzuki Ciaz,Maruti,2017,699000,14000,Petrol,Manual
242,Chevrolet Tavera Neo,Chevrolet,2013,375000,55000,Diesel,Automatic
243,Honda Amaze,Honda,2013,284999,46000,Diesel,Manual
244,Hyundai Eon Sportz,Hyundai,2012,178000,30000,Petrol,Automatic
245,Tata Sumo Gold,Tata,2013,300000,50000,Diesel,Manual
246,Maruti Suzuki Wagon,Maruti,2003,90000,45000,Petrol,Automatic
247,Maruti Suzuki Esteem,Maruti,2006,95000,45000,Petrol,Manual
248,Maruti Suzuki Eeco,Maruti,2015,255000,9300,Petrol,Automatic
249,Chevrolet Enjoy 1.4,Chevrolet,2013,245000,55000,Diesel,Manual
250,Hyundai i20 Asta,Hyundai,2012,329500,36200,Diesel,Automatic
251,Ford Figo Diesel,Ford,2014,195000,50000,Diesel,Manual
252,Maruti Suzuki Eeco,Maruti,2015,251111,55000,Petrol,Automatic
253,Maruti Suzuki Ertiga,Maruti,2014,569999,45000,Petrol,Manual
254,Maruti Suzuki Esteem,Maruti,2007,69999,51000,Petrol,Automatic
255,Maruti Suzuki Ritz,Maruti,2014,299999,19000,Petrol,Manual
256,Maruti Suzuki Dzire,Maruti,2009,220000,46000,Petrol,Automatic
257,Maruti Suzuki Ritz,Maruti,2013,399999,33000,Diesel,Manual
258,Maruti Suzuki SX4,Maruti,2010,249999,36000,Petrol,Automatic
259,Maruti Suzuki Wagon,Maruti,2015,289999,22000,Petrol,Manual
260,Mini Cooper S,Mini,2013,1891111,13500,Petrol,Automatic
261,Nissan Terrano XL,Nissan,2015,499999,60000,Diesel,Manual
262,Renault Duster 85,Renault,2013,489999,27000,Diesel,Automatic
263,Renault Duster 85,Renault,2014,489999,59000,Diesel,Manual
264,Renault Duster 85,Renault,2015,549999,19000,Diesel,Automatic
265,Maruti Suzuki Dzire,Maruti,2013,380000,30000,Petrol,Manual
266,Renault Kwid RXT,Renault,2018,325000,15000,Petrol,Automatic
267,Maruti Suzuki Maruti,Maruti,2003,57000,56758,Petrol,Manual
268,Renault Kwid 1.0,Renault,2018,349999,10000,Petrol,Automatic
269,Renault Lodgy 85,Renault,2018,689999,20000,Diesel,Manual
270,Renault Scala RxL,Renault,2014,349999,49000,Diesel,Automatic
271,Hyundai Grand i10,Hyundai,2014,410000,41000,Petrol,Manual
272,Maruti Suzuki Swift,Maruti,2011,225000,45000,Petrol,Automatic
273,Chevrolet Beat LS,Chevrolet,2010,120000,43000,Petrol,Manual
274,Tata Indigo eCS,Tata,2016,320000,175430,Diesel,Automatic
275,Hyundai Santro Xing,Hyundai,2000,59000,56450,Petrol,Manual
276,Hyundai Fluidic Verna,Hyundai,2015,540000,38000,Diesel,Automatic
277,Chevrolet Beat LS,Chevrolet,2010,80000,56000,Petrol,Automatic
278,Mahindra Quanto C8,Mahindra,2013,340000,37000,Diesel,Manual
279,Fiat Petra ELX,Fiat,2008,75000,65000,Petrol,Automatic
280,Chevrolet Beat LS,Chevrolet,2015,220000,32700,Petrol,Manual
281,Skoda Fabia 1.2L,Skoda,2011,159500,38200,Diesel,Automatic
282,Ford EcoSport Titanium,Ford,2016,599000,30000,Diesel,Manual
283,Hyundai Accent GLX,Hyundai,2006,80000,56000,Petrol,Automatic
284,Mahindra TUV300 T4,Mahindra,2016,675000,9000,Diesel,Manual
285,Mini Cooper S,Mini,2013,1891111,13000,Petrol,Automatic
286,Mini Cooper S,Mini,2013,1891111,13000,Petrol,Manual
287,Tata Indica V2,Tata,2008,150000,11000,Petrol,Automatic
288,Mini Cooper S,Mini,2013,1891111,13000,Petrol,Manual
289,Tata Indigo CS,Tata,2009,72500,46000,Diesel,Automatic
290,Maruti Suzuki Swift,Maruti,2019,610000,73,Petrol,Manual
291,Mahindra Scorpio VLX,Mahindra,2004,230000,160000,Diesel,Automatic
292,Honda Accord,Honda,2009,175000,58559,Petrol,Automatic
293,Mahindra Scorpio S4,Mahindra,2015,855000,30000,Diesel,Manual
294,Chevrolet Tavera Neo,Chevrolet,2013,375000,55000,Diesel,Automatic
295,Ford EcoSport Titanium,Ford,2014,520000,57000,Diesel,Manual
296,Maruti Suzuki Ertiga,Maruti,2015,524999,50000,Diesel,Automatic
297,Honda Amaze,Honda,2014,299999,37000,Petrol,Manual
298,Maruti Suzuki Dzire,Maruti,2012,299999,40000,Petrol,Automatic
299,Honda City,Honda,2011,284999,55000,Petrol,Manual
300,Mahindra Scorpio 2.6,Mahindra,2007,220000,170000,Diesel,Automatic
301,Maruti Suzuki Dzire,Maruti,2014,424999,55000,Diesel,Manual
302,Honda City,Honda,2015,644999,39000,Petrol,Automatic
303,Honda Mobilio,Honda,2014,399999,44000,Petrol,Manual
304,Toyota Corolla Altis,Toyota,2009,199999,65000,Petrol,Automatic
305,Honda City,Honda,2014,584999,39000,Petrol,Manual
306,Skoda Laura,Skoda,2012,349999,44000,Diesel,Automatic
307,Renault Duster,Renault,2015,449999,49000,Diesel,Manual
308,Maruti Suzuki Ertiga,Maruti,2018,799999,9000,Diesel,Automatic
309,Maruti Suzuki Dzire,Maruti,2015,444999,45000,Diesel,Manual
310,Mahindra XUV500,Mahindra,2014,649999,47000,Diesel,Automatic
311,Hyundai Verna Fluidic,Hyundai,2012,444999,40000,Diesel,Manual
312,Maruti Suzuki Vitara,Maruti,2016,689999,29000,Diesel,Automatic
313,Maruti Suzuki Wagon,Maruti,2016,344999,15000,Petrol,Manual
314,Mahindra Scorpio,Mahindra,2015,944999,45000,Diesel,Automatic
315,Honda Amaze,Honda,2014,274999,35000,Petrol,Manual
316,Mahindra XUV500,Mahindra,2013,689999,80000,Diesel,Automatic
317,Mahindra Scorpio,Mahindra,2013,574999,68000,Diesel,Manual
318,Skoda Laura,Skoda,2013,374999,50000,Diesel,Automatic
319,Volkswagen Polo,Volkswagen,2010,199999,60000,Diesel,Manual
320,Hyundai Elite i20,Hyundai,2016,549999,9000,Petrol,Automatic
321,Tata Manza Aura,Tata,2012,130000,72000,Diesel,Manual
322,Chevrolet Sail UVA,Chevrolet,2013,210000,60000,Petrol,Automatic
323,Renault Duster 110,Renault,2012,501000,38000,Diesel,Manual
324,Hyundai Verna Fluidic,Hyundai,2013,401000,45000,Diesel,Automatic
325,Audi A4 2.0,Audi,2012,1350000,40000,Diesel,Manual
326,Hyundai Elantra SX,Hyundai,2013,600000,20000,Petrol,Automatic
327,Mahindra Scorpio VLX,Mahindra,2013,610000,35000,Diesel,Manual
328,Mahindra KUV100 K8,Mahindra,2016,400000,20000,Diesel,Automatic
329,Renault Scala RxL,Renault,2015,375000,25000,Diesel,Manual
330,Mahindra Quanto C8,Mahindra,2013,375000,20000,Diesel,Automatic
331,Hyundai Grand i10,Hyundai,2014,365000,20000,Petrol,Manual
332,Hyundai i20 Active,Hyundai,2015,500000,18000,Petrol,Automatic
333,Mahindra Xylo E4,Mahindra,2012,400000,35000,Diesel,Manual
334,Hyundai Grand i10,Hyundai,2017,524999,6821,Petrol,Automatic
335,Hyundai i20,Hyundai,2014,449999,23000,Petrol,Manual
336,Hyundai Eon,Hyundai,2014,174999,14000,Petrol,Automatic
337,Hyundai i10,Hyundai,2012,244999,38000,Petrol,Manual
338,Hyundai i20 Active,Hyundai,2015,574999,35000,Diesel,Automatic
339,Datsun Redi GO,Datsun,2017,244999,22000,Petrol,Manual
340,Toyota Etios Liva,Toyota,2011,239999,41000,Petrol,Automatic
341,Hyundai Accent,Hyundai,2010,99999,45000,Petrol,Manual
342,Hyundai Verna,Hyundai,2014,489999,44000,Diesel,Automatic
343,Maruti Suzuki Swift,Maruti,2013,324999,45000,Diesel,Manual
344,Toyota Fortuner,Toyota,2011,1074999,52000,Diesel,Automatic
345,Hyundai i10 Sportz,Hyundai,2012,230000,34000,Petrol,Manual
346,Mahindra Bolero Power,Mahindra,2018,699000,1800,Diesel,Automatic
347,Mahindra XUV500,Mahindra,2015,1000000,15000,Diesel,Automatic
348,Honda City 1.5,Honda,2010,240000,400000,Petrol,Manual
349,Chevrolet Spark LT,Chevrolet,2009,110000,44000,Petrol,Automatic
350,Mahindra Jeep MM,Mahindra,2019,390000,60,Diesel,Manual
351,Renault Duster 110PS,Renault,2012,501000,35000,Diesel,Automatic
352,Mahindra XUV500,Mahindra,2016,1130000,72000,Diesel,Manual
353,Tata Indigo eCS,Tata,2014,250000,40000,Diesel,Automatic
354,Mahindra Bolero SLE,Mahindra,2013,330000,80200,Diesel,Automatic
355,Force Motors Force,Force,2015,580000,3200,Diesel,Manual
356,Skoda Rapid Elegance,Skoda,2013,340000,48000,Diesel,Automatic
357,Tata Vista Quadrajet,Tata,2011,120000,90000,Diesel,Manual
358,Maruti Suzuki Alto,Maruti,2015,265000,12000,Petrol,Automatic
359,Maruti Suzuki SX4,Maruti,2012,265000,46000,Diesel,Manual
360,Maruti Suzuki Zen,Maruti,2003,85000,69900,Petrol,Automatic
361,Mahindra Jeep CL550,Mahindra,2019,379000,0,Diesel,Manual
362,Hyundai i10 Magna,Hyundai,2011,175000,45000,Petrol,Automatic
363,Maruti Suzuki Alto,Maruti,2015,219000,5000,Petrol,Manual
364,Maruti Suzuki Swift,Maruti,2016,350000,166000,Diesel,Automatic
365,Honda City ZX,Honda,2008,149000,42000,Petrol,Manual
366,Mahindra Jeep CL550,Mahindra,2018,385000,588,Diesel,Automatic
367,Mahindra Jeep MM,Mahindra,2006,425000,122,Diesel,Manual
368,Chevrolet Beat Diesel,Chevrolet,2017,150000,62000,Diesel,Automatic
369,Honda City 1.5,Honda,2010,225000,70000,Petrol,Manual
370,Hyundai Verna 1.4,Hyundai,2014,375000,36000,Petrol,Manual
371,Toyota Innova 2.5,Toyota,2012,770000,0,Diesel,Automatic
372,Maruti Suzuki Maruti,Maruti,1995,30000,55000,Petrol,Automatic
373,Toyota Etios,Toyota,2011,275000,36000,Diesel,Manual
374,Volkswagen Polo,Volkswagen,2015,330000,38000,Diesel,Automatic
375,Maruti Suzuki Swift,Maruti,2014,335000,55000,Diesel,Manual
376,Hyundai Elite i20,Hyundai,2015,450000,20000,Diesel,Automatic
377,Maruti Suzuki Swift,Maruti,2012,225000,40000,Petrol,Manual
378,Maruti Suzuki Versa,Maruti,2004,80000,50000,Petrol,Manual
379,Tata Indigo LX,Tata,2016,130000,104000,Diesel,Automatic
380,Volkswagen Vento Konekt,Volkswagen,2011,245000,65000,Diesel,Manual
381,Mercedes Benz C,Mercedes,2002,399000,41000,Petrol,Automatic
382,Maruti Suzuki Ertiga,Maruti,2013,450000,90000,Diesel,Manual
383,Honda City,Honda,2000,65000,80000,Petrol,Manual
384,Hyundai Santro Xing,Hyundai,2006,75000,46000,Petrol,Automatic
385,Maruti Suzuki Omni,Maruti,2001,70000,70000,Petrol,Manual
386,Hyundai Sonata Transform,Hyundai,2017,190000,36469,Diesel,Automatic
387,Hyundai Elite i20,Hyundai,2018,600000,7800,Petrol,Manual
388,Volkswagen Vento Konekt,Volkswagen,2011,245000,65000,Diesel,Automatic
389,Maruti Suzuki Alto,Maruti,2017,240000,60000,Petrol,Manual
390,Maruti Suzuki Alto,Maruti,2011,155000,32000,Petrol,Automatic
391,Honda Jazz S,Honda,2009,169999,24695,Petrol,Manual
392,Hyundai Grand i10,Hyundai,2017,450000,15141,Petrol,Automatic
393,Maruti Suzuki Zen,Maruti,2001,40000,40000,Petrol,Manual
394,Mahindra Scorpio W,Mahindra,2012,165000,65000,Diesel,Automatic
395,Maruti Suzuki Alto,Maruti,2014,270000,22000,Petrol,Automatic
396,Hyundai Grand i10,Hyundai,2016,280000,59910,Diesel,Manual
397,Mahindra XUV500 W8,Mahindra,2012,560000,100000,Diesel,Automatic
398,Hyundai Creta 1.6,Hyundai,2016,950000,25000,Petrol,Manual
399,Hyundai i20 Magna,Hyundai,2013,310000,35000,Petrol,Automatic
400,Renault Duster 85,Renault,2015,715000,65000,Diesel,Manual
401,Hyundai Grand i10,Hyundai,2014,340000,35000,Petrol,Automatic
402,Honda Brio V,Honda,2012,235000,33000,Petrol,Manual
403,Mahindra TUV300 T4,Mahindra,2017,610000,68000,Diesel,Automatic
404,Chevrolet Spark LS,Chevrolet,2010,95000,23000,Petrol,Manual
405,Mahindra TUV300 T8,Mahindra,2018,1000000,4500,Diesel,Automatic
406,Maruti Suzuki Swift,Maruti,2015,220000,129000,Diesel,Manual
407,Nissan X Trail,Nissan,2019,1200000,300,Diesel,Automatic
408,Maruti Suzuki Alto,Maruti,2015,230000,5000,Petrol,Manual
409,Ford Ikon 1.3,Ford,2001,45000,65000,Petrol,Automatic
410,Toyota Fortuner 3.0,Toyota,2010,940000,131000,Diesel,Manual
411,Tata Manza ELAN,Tata,2010,155555,111111,Petrol,Automatic
412,Mercedes Benz A,Mercedes,2013,1500000,14000,Petrol,Manual
413,Chevrolet Beat LS,Chevrolet,2016,210000,22000,Diesel,Automatic
414,Ford EcoSport Trend,Ford,2013,495000,38000,Diesel,Manual
415,Tata Indigo LS,Tata,2016,125000,70000,Diesel,Automatic
416,Hyundai i20 Magna,Hyundai,2010,195000,36000,Petrol,Manual
417,Volkswagen Vento Highline,Volkswagen,2015,550000,34000,Diesel,Automatic
418,Renault Kwid RXT,Renault,2015,270000,43000,Petrol,Manual
419,Ford EcoSport Titanium,Ford,2014,500000,40000,Diesel,Manual
420,Honda Amaze 1.5,Honda,2016,240000,160000,Diesel,Automatic
421,Hyundai Verna 1.6,Hyundai,2017,800000,12000,Petrol,Manual
422,BMW 5 Series,BMW,2011,1299000,49000,Diesel,Automatic
423,Skoda Superb 1.8,Skoda,2011,530000,68000,Petrol,Manual
424,Audi Q3 2.0,Audi,2013,1499000,37000,Diesel,Automatic
425,Mahindra Bolero DI,Mahindra,2012,220000,59466,Diesel,Manual
426,Mahindra Scorpio S10,Mahindra,2015,900000,97200,Diesel,Manual
427,Ford Figo Duratorq,Ford,2012,250000,99000,Diesel,Automatic
428,Maruti Suzuki Wagon,Maruti,2018,395000,25500,Petrol,Manual
429,Mahindra Logan Diesel,Mahindra,2009,130000,66000,Petrol,Automatic
430,Tata Nano GenX,Tata,2010,32000,44005,Petrol,Manual
431,Mahindra TUV300 T4,Mahindra,2016,540000,35000,Diesel,Automatic
432,Mahindra TUV300 T4,Mahindra,2016,540000,35000,Diesel,Manual
433,Hyundai Elite i20,Hyundai,2015,405000,28000,Petrol,Automatic
434,Hyundai Elite i20,Hyundai,2015,400000,30000,Petrol,Manual
435,Honda City SV,Honda,2017,760000,4000,Petrol,Automatic
436,Maruti Suzuki Baleno,Maruti,2016,500000,28000,Petrol,Manual
437,Ford Figo Petrol,Ford,2011,175000,75000,Petrol,Automatic
438,Mahindra Scorpio S10,Mahindra,2015,900000,97200,Diesel,Manual
439,Honda City,Honda,2017,750000,3000,Petrol,Automatic
440,Hyundai Elite i20,Hyundai,2015,419000,20000,Petrol,Manual
441,Maruti Suzuki Versa,Maruti,2004,90000,50000,Petrol,Automatic
442,Hyundai Eon Era,Hyundai,2018,140000,2110,Petrol,Manual
443,Mitsubishi Pajero Sport,Mitsubishi,2015,1540000,43222,Petrol,Automatic
444,Hyundai i10 Magna,Hyundai,2008,275000,100200,Petrol,Manual
445,Toyota Corolla H2,Toyota,2003,150000,100000,Petrol,Automatic
446,Maruti Suzuki Swift,Maruti,2011,230000,65,Petrol,Manual
447,Tata Indigo CS,Tata,2015,123000,100000,Diesel,Automatic
448,Mahindra Scorpio S10,Mahindra,2015,900000,97200,Diesel,Manual
449,Mahindra Scorpio S10,Mahindra,2015,900000,97200,Diesel,Automatic
450,Hyundai Xcent Base,Hyundai,2016,300000,140000,Diesel,Manual
451,Honda City,Honda,2015,499999,55000,Petrol,Automatic
452,Hyundai Accent Executive,Hyundai,2009,165000,48000,Petrol,Manual
453,Maruti Suzuki Baleno,Maruti,2016,498000,22000,Petrol,Automatic
454,Tata Zest XE,Tata,2018,480000,103553,Diesel,Manual
455,Maruti Suzuki Dzire,Maruti,2017,488000,80000,Diesel,Automatic
456,Tata Sumo Gold,Tata,2014,250000,99000,Diesel,Manual
457,Toyota Corolla Altis,Toyota,2010,220000,58000,Petrol,Automatic
458,Maruti Suzuki Eeco,Maruti,2013,290000,70000,LPG,Manual
459,Toyota Fortuner 3.0,Toyota,2015,1525000,120000,Diesel,Automatic
460,Mahindra XUV500 W6,Mahindra,2013,548900,49800,Diesel,Manual
461,Tata Tigor Revotron,Tata,2019,650000,100,Diesel,Automatic
462,Maruti Suzuki 800,Maruti,2001,55000,81876,Petrol,Manual
463,Maruti Suzuki Ertiga,Maruti,2015,550000,75000,Petrol,Automatic
464,Maruti Suzuki Versa,Maruti,2004,90000,50000,Petrol,Manual
465,Honda Mobilio S,Honda,2014,399000,44000,Diesel,Automatic
466,Maruti Suzuki Ertiga,Maruti,2016,730000,55000,Diesel,Manual
467,Maruti Suzuki Vitara,Maruti,2017,725000,36000,Diesel,Automatic
468,Hyundai Verna 1.6,Hyundai,2016,195000,56000,Diesel,Manual
469,Maruti Suzuki Swift,Maruti,2007,130000,62000,Petrol,Automatic
470,Toyota Fortuner 3.0,Toyota,2015,1525000,120000,Diesel,Manual
471,Maruti Suzuki Omni,Maruti,2014,190000,6020,Petrol,Automatic
472,Honda Amaze,Honda,2013,250000,55700,Diesel,Manual
473,Tata Indica,Tata,2005,80000,42000,Petrol,Automatic
474,Hyundai Santro Xing,Hyundai,2003,120000,50000,Petrol,Manual
475,Maruti Suzuki Zen,Maruti,2010,149000,35000,Petrol,Automatic
476,Maruti Suzuki Wagon,Maruti,2014,250000,18500,Petrol,Manual
477,Maruti Suzuki Wagon,Maruti,2007,120000,7000,Petrol,Automatic
478,Honda Brio VX,Honda,2017,450000,11000,Petrol,Manual
479,Maruti Suzuki Zen,Maruti,2003,99999,53000,Petrol,Manual
480,Maruti Suzuki Zen,Maruti,2008,135000,23000,Petrol,Automatic
481,Maruti Suzuki Wagon,Maruti,2016,225000,35500,Diesel,Manual
482,Maruti Suzuki Alto,Maruti,2010,99000,22134,Petrol,Automatic
483,Renault Kwid RXT,Renault,2019,370000,1000,Petrol,Manual
484,Tata Nano Lx,Tata,2010,52000,9000,Petrol,Automatic
485,Jaguar XE XE,Jaguar,2016,2800000,8500,Petrol,Manual
486,Hyundai Eon Magna,Hyundai,2014,190000,35000,Petrol,Manual
487,Honda City 1.5,Honda,2014,499000,22000,Petrol,Automatic
488,Hindustan Motors Ambassador,Hindustan,2002,90000,25000,Diesel,Manual
489,Maruti Suzuki Ritz,Maruti,2010,149000,40000,Petrol,Automatic
490,Hyundai Grand i10,Hyundai,2017,400000,20000,Petrol,Manual
491,Hyundai Eon D,Hyundai,2016,120000,87000,Petrol,Automatic
492,Maruti Suzuki Swift,Maruti,2015,250000,55000,Petrol,Manual
493,Maruti Suzuki Wagon,Maruti,2017,375000,23000,Petrol,Automatic
494,Honda Amaze 1.2,Honda,2014,381000,6000,Petrol,Manual
495,Maruti Suzuki Estilo,Maruti,2013,180000,65000,Petrol,Automatic
496,Maruti Suzuki Vitara,Maruti,2016,580000,25000,Diesel,Manual
497,Maruti Suzuki Eeco,Maruti,2015,278000,39000,Petrol,Automatic
498,Hyundai Creta 1.6,Hyundai,2016,1000000,8000,Petrol,Automatic
499,Mahindra Scorpio Vlx,Mahindra,2013,690000,75000,Diesel,Manual
500,Maruti Suzuki Ertiga,Maruti,2012,480000,51000,Diesel,Automatic
501,Mitsubishi Lancer 1.8,Mitsubishi,2006,85000,50000,Petrol,Manual
502,Maruti Suzuki Maruti,Maruti,2001,40000,75000,Petrol,Automatic
503,Maruti Suzuki Alto,Maruti,2015,90000,55800,Petrol,Manual
504,Hyundai Grand i10,Hyundai,2015,340000,53000,Petrol,Automatic
505,Hyundai Eon D,Hyundai,2018,260000,25000,Petrol,Manual
506,Ford Fiesta SXi,Ford,2009,250000,56400,Petrol,Automatic
507,Maruti Suzuki Ritz,Maruti,2010,180000,72160,Diesel,Manual
508,Hyundai Verna Fluidic,Hyundai,2012,350000,10000,Diesel,Automatic
509,Maruti Suzuki Wagon,Maruti,2006,90001,48000,Petrol,Manual
510,Maruti Suzuki Estilo,Maruti,2007,115000,36000,Petrol,Automatic
511,Audi A6 2.0,Audi,2012,1599000,11500,Diesel,Manual
512,Maruti Suzuki Wagon,Maruti,2003,130000,133000,Petrol,Automatic
513,Maruti Suzuki Wagon,Maruti,2009,159000,27000,Petrol,Manual
514,Maruti Suzuki Wagon,Maruti,2009,160000,35000,Petrol,Automatic
515,Maruti Suzuki Alto,Maruti,2010,110000,55000,Petrol,Manual
516,Maruti Suzuki Baleno,Maruti,2016,425000,40000,Petrol,Automatic
517,Hyundai Verna 1.6,Hyundai,2019,900000,2000,Petrol,Manual
518,Maruti Suzuki Swift,Maruti,2009,150000,45000,Petrol,Automatic
519,Hyundai Getz Prime,Hyundai,2009,110000,20000,Petrol,Manual
520,Hyundai Santro,Hyundai,2000,51999,88000,Petrol,Automatic
521,Hyundai Getz Prime,Hyundai,2009,115000,20000,Petrol,Manual
522,Chevrolet Beat PS,Chevrolet,2012,215000,65422,Diesel,Automatic
523,Ford EcoSport Trend,Ford,2017,580000,10000,Petrol,Manual
524,Maruti Suzuki Dzire,Maruti,2013,380000,35000,Petrol,Automatic
525,Hyundai Fluidic Verna,Hyundai,2013,350000,117000,Diesel,Manual
526,Tata Indica V2,Tata,2005,35000,150000,Diesel,Automatic
527,BMW X1 xDrive20d,BMW,2011,1150000,72000,Diesel,Manual
528,Hyundai i20 Asta,Hyundai,2010,300000,10750,Petrol,Automatic
529,Honda City 1.5,Honda,2009,269000,55000,Petrol,Manual
530,Tata Nano,Tata,2013,60000,6800,Petrol,Automatic
531,Chevrolet Cruze LTZ,Chevrolet,2014,400000,41000,Diesel,Manual
532,Hyundai Verna Fluidic,Hyundai,2015,430000,73000,Diesel,Automatic
533,Maruti Suzuki Swift,Maruti,2011,140000,65000,Diesel,Automatic
534,Mahindra XUV500 W6,Mahindra,2014,8500003,45000,Diesel,Manual
535,Mahindra XUV500 W10,Mahindra,2018,1299000,40000,Diesel,Automatic
536,Maruti Suzuki Alto,Maruti,2014,199000,37000,Petrol,Manual
537,Hyundai Accent GLE,Hyundai,2006,90000,55000,Petrol,Automatic
538,Force Motors One,Force,2013,550000,140000,Diesel,Manual
539,Maruti Suzuki Alto,Maruti,2019,265000,9800,Petrol,Manual
540,Chevrolet Spark 1.0,Chevrolet,2011,100000,27000,Petrol,Automatic
541,Hyundai i10,Hyundai,2009,215000,27000,Petrol,Manual
542,Toyota Etios Liva,Toyota,2012,380000,20000,Diesel,Automatic
543,Renault Duster 85PS,Renault,2013,401919,57923,Diesel,Manual
544,Chevrolet Enjoy,Chevrolet,2014,490000,30201,Diesel,Automatic
545,Maruti Suzuki Alto,Maruti,2017,280000,6200,Petrol,Manual
546,BMW 5 Series,BMW,2009,650000,37518,Petrol,Automatic
547,Toyota Etios Liva,Toyota,2014,160000,24652,Petrol,Manual
548,Mahindra Jeep MM,Mahindra,2004,424000,383,Diesel,Automatic
549,Chevrolet Beat LS,Chevrolet,2016,225000,95000,Diesel,Manual
550,Chevrolet Cruze LTZ,Chevrolet,2011,350000,35000,Diesel,Automatic
551,Jeep Wrangler Unlimited,Jeep,2015,950000,3528,Diesel,Manual
552,Maruti Suzuki Ertiga,Maruti,2013,485000,52500,Diesel,Automatic
553,Hyundai Verna VGT,Hyundai,2010,205000,47900,Diesel,Manual
554,Maruti Suzuki Omni,Maruti,2012,160000,14000,Petrol,Automatic
555,Maruti Suzuki Celerio,Maruti,2018,310000,37000,Petrol,Manual
556,Tata Zest Quadrajet,Tata,2017,180000,90000,Diesel,Automatic
557,Mahindra XUV500 W6,Mahindra,2013,549900,52800,Diesel,Manual
558,Tata Indigo CS,Tata,2016,150000,104000,Diesel,Automatic
559,Hyundai i10 Era,Hyundai,2011,175000,30000,Petrol,Manual
560,Tata Indigo eCS,Tata,2014,95000,195000,Diesel,Automatic
561,Tata Indigo LX,Tata,2016,230000,104000,Diesel,Manual
562,Tata Indigo eCS,Tata,2016,230000,104000,Diesel,Automatic
563,Tata Indigo Marina,Tata,2004,180000,70000,Diesel,Manual
564,Hyundai Xcent SX,Hyundai,2015,400000,43000,Diesel,Manual
565,Hyundai Eon Magna,Hyundai,2013,185000,23000,Petrol,Automatic
566,Renault Duster 85,Renault,2015,385000,51000,Diesel,Manual
567,Maruti Suzuki Alto,Maruti,2009,90000,62000,Petrol,Automatic
568,Tata Nano LX,Tata,2010,32000,48008,Petrol,Manual
569,Renault Duster 110,Renault,2013,435000,39000,Diesel,Manual
570,Maruti Suzuki Wagon,Maruti,2010,225000,40000,Petrol,Automatic
571,Maruti Suzuki Swift,Maruti,2006,189700,48247,Petrol,Manual
572,Maruti Suzuki Ertiga,Maruti,2012,389700,39000,Diesel,Automatic
573,Maruti Suzuki Swift,Maruti,2014,365000,23000,Petrol,Manual
574,Maruti Suzuki Alto,Maruti,2017,360000,9400,Petrol,Automatic
575,Hyundai i20 Magna,Hyundai,2010,210000,50000,Petrol,Manual
576,Hyundai i10 Magna,Hyundai,2009,170000,75000,Petrol,Automatic
577,Tata Zest XE,Tata,2017,380000,70000,Diesel,Automatic
578,Mahindra Xylo E8,Mahindra,2009,295000,64000,Diesel,Manual
579,Toyota Corolla Altis,Toyota,2010,185000,55000,Petrol,Automatic
580,Tata Manza Aqua,Tata,2014,160000,200000,Diesel,Manual
581,Renault Kwid 1.0,Renault,2018,290000,2137,Petrol,Automatic
582,Tata Venture EX,Tata,2013,100000,30000,Diesel,Automatic
583,Maruti Suzuki Swift,Maruti,2014,315000,44000,Petrol,Manual
584,Skoda Octavia Classic,Skoda,2006,114990,65000,Diesel,Manual
585,Maruti Suzuki Omni,Maruti,2012,120000,160000,LPG,Automatic
586,Chevrolet Beat Diesel,Chevrolet,2011,125000,56000,Diesel,Manual
587,Tata Sumo Gold,Tata,2012,210000,75000,Diesel,Automatic
588,Hyundai Verna 1.6,Hyundai,2018,855000,42000,Diesel,Automatic
589,Tata Sumo Gold,Tata,2012,210000,75000,Diesel,Manual
590,Mahindra Scorpio 2.6,Mahindra,2007,260000,56000,Diesel,Automatic
591,Maruti Suzuki Zen,Maruti,2002,95000,10544,Petrol,Manual
592,Maruti Suzuki Swift,Maruti,2011,255000,64000,Petrol,Automatic
593,Mahindra Scorpio SLX,Mahindra,2008,300000,70000,Diesel,Manual
594,Hyundai Grand i10,Hyundai,2014,340000,25000,Petrol,Automatic
595,Hyundai Elite i20,Hyundai,2017,550000,15000,Petrol,Manual
596,Ford Ikon 1.6,Ford,2003,60000,50000,Petrol,Automatic
597,Toyota Innova 2.5,Toyota,2011,750000,147000,Diesel,Manual
598,Nissan Sunny XL,Nissan,2011,230000,52000,Petrol,Automatic
599,Chevrolet Beat LT,Chevrolet,2012,130000,90001,Diesel,Manual
600,Maruti Suzuki Alto,Maruti,2017,270000,21000,Petrol,Automatic
601,Maruti Suzuki Swift,Maruti,2012,280000,48006,Diesel,Manual
602,Maruti Suzuki Swift,Maruti,2012,280000,48006,Diesel,Automatic
603,Maruti Suzuki Swift,Maruti,2012,280000,48006,Diesel,Manual
604,Toyota Innova 2.0,Toyota,2012,600000,80000,Diesel,Manual
605,Maruti Suzuki Swift,Maruti,2010,190000,74000,Diesel,Manual
606,Hyundai Elite i20,Hyundai,2015,500000,22000,Petrol,Automatic
607,Mahindra XUV500 W10,Mahindra,2016,1065000,41000,Diesel,Manual
608,Volkswagen Polo Trendline,Volkswagen,2015,350000,25000,Diesel,Automatic
609,Toyota Etios Liva,Toyota,2012,350000,85000,Diesel,Manual
610,Mahindra TUV300 T4,Mahindra,2016,540000,29500,Diesel,Automatic
611,Hyundai Elite i20,Hyundai,2015,470000,30000,Petrol,Manual
612,Hyundai Santro Xing,Hyundai,2014,179000,57000,Petrol,Automatic
613,Maruti Suzuki Zen,Maruti,2003,48000,60000,Petrol,Manual
614,Maruti Suzuki Ciaz,Maruti,2016,650000,50000,Petrol,Automatic
615,Hyundai Eon Era,Hyundai,2013,190000,39700,Petrol,Manual
616,Hyundai Elantra 1.8,Hyundai,2012,500000,65000,Petrol,Automatic
617,Maruti Suzuki Swift,Maruti,2010,270000,67000,Diesel,Manual
618,Maruti Suzuki Zen,Maruti,2008,125000,46000,Petrol,Automatic
619,Hyundai Eon Era,Hyundai,2012,188000,38000,Petrol,Manual
620,Hyundai Grand i10,Hyundai,2016,380000,27000,Petrol,Automatic
621,Hyundai Verna Fluidic,Hyundai,2011,365000,43000,Diesel,Manual
622,Ford EcoSport Trend,Ford,2014,465000,47000,Petrol,Automatic
623,Hyundai i20 Magna,Hyundai,2011,240000,42000,Petrol,Manual
624,Chevrolet Beat Diesel,Chevrolet,2016,179999,19336,Diesel,Automatic
625,Tata Indica eV2,Tata,2015,140000,60105,Diesel,Manual
626,Jaguar XF 2.2,Jaguar,2013,2190000,29000,Diesel,Automatic
627,Audi Q5 2.0,Audi,2014,2390000,34000,Diesel,Manual
628,BMW 3 Series,BMW,2011,1075000,35000,Diesel,Automatic
629,Maruti Suzuki Swift,Maruti,2015,475000,22000,Petrol,Manual
630,BMW X1 sDrive20d,BMW,2012,1025000,41000,Diesel,Automatic
631,Maruti Suzuki S,Maruti,2016,615000,21000,Diesel,Manual
632,Maruti Suzuki Ertiga,Maruti,2013,475000,48000,Diesel,Automatic
633,Maruti Suzuki Alto,Maruti,2016,270000,38000,Petrol,Manual
634,Honda City SV,Honda,2014,475000,34000,Diesel,Automatic
635,Volkswagen Vento Comfortline,Volkswagen,2011,240000,45933,Petrol,Manual
636,Honda City 1.5,Honda,2005,120000,68000,Petrol,Automatic
637,Audi A4 2.0,Audi,2016,1900000,44000,Diesel,Manual
638,Mahindra KUV100,Mahindra,2017,360000,35000,Diesel,Automatic
639,Tata Zest XE,Tata,2018,450000,102563,Diesel,Manual
640,Mahindra XUV500 W8,Mahindra,2015,900000,28600,Diesel,Automatic
641,Maruti Suzuki Swift,Maruti,2017,650000,41800,Diesel,Manual
642,Tata Sumo Gold,Tata,2014,275000,116000,Diesel,Automatic
643,Maruti Suzuki Swift,Maruti,2009,210000,59000,Petrol,Manual
644,Mahindra Scorpio 2.6,Mahindra,2004,175000,58000,Diesel,Automatic
645,Maruti Suzuki Omni,Maruti,2009,85000,45000,Petrol,Manual
646,Mitsubishi Pajero Sport,Mitsubishi,2015,1490000,42590,Diesel,Automatic
647,Renault Duster,Renault,2014,800000,7400,Diesel,Manual
648,Volkswagen Jetta Comfortline,Volkswagen,2009,450000,54500,Diesel,Automatic
649,Maruti Suzuki Ertiga,Maruti,2012,1000000,200000,Diesel,Manual
650,Audi A4 2.0,Audi,2013,1510000,27000,Diesel,Automatic
651,Volvo S80 Summum,Volvo,2015,1850000,42000,Diesel,Manual
652,Toyota Corolla Altis,Toyota,2014,790000,29000,Petrol,Automatic
653,Mitsubishi Pajero Sport,Mitsubishi,2015,1725000,37000,Diesel,Manual
654,Chevrolet Beat LT,Chevrolet,2012,135000,36000,Petrol,Automatic
655,BMW X1,BMW,2011,1000000,34000,Diesel,Manual
656,Datsun Redi GO,Datsun,2018,299999,7000,Petrol,Automatic
657,Mercedes Benz C,Mercedes,2009,1225000,76000,Diesel,Manual
658,Mahindra Scorpio SLX,Mahindra,2004,175000,60000,Diesel,Automatic
659,Volkswagen Vento Comfortline,Volkswagen,2011,200000,95000,Diesel,Manual
660,Tata Indigo CS,Tata,2017,270000,50000,Diesel,Automatic
661,Ford Figo Petrol,Ford,2019,525000,0,Petrol,Manual
662,Honda City ZX,Honda,2006,180000,50000,Petrol,Automatic
663,Maruti Suzuki Wagon,Maruti,2008,140000,68000,Petrol,Manual
664,Ford EcoSport Trend,Ford,2014,400000,16000,Petrol,Automatic
665,Maruti Suzuki Swift,Maruti,2016,499000,51000,Diesel,Manual
666,Maruti Suzuki Omni,Maruti,2009,85000,56000,Petrol,Automatic
667,Maruti Suzuki Zen,Maruti,2004,70000,100000,Petrol,Manual
668,Renault Duster RxL,Renault,2015,550000,36000,Petrol,Automatic
669,Maruti Suzuki Swift,Maruti,2014,370000,11523,Petrol,Manual
670,Maruti Suzuki Baleno,Maruti,2018,690000,1000,Petrol,Automatic
671,Honda WR V,Honda,2009,250000,60000,Petrol,Manual
672,Tata Indigo CS,Tata,2016,110000,85000,Diesel,Automatic
673,Renault Duster 110,Renault,2013,490000,38600,Diesel,Manual
674,Mahindra Scorpio LX,Mahindra,2009,320000,95500,Diesel,Automatic
675,Maruti Suzuki Zen,Maruti,2004,68000,56000,Petrol,Manual
676,Maruti Suzuki Wagon,Maruti,2014,130000,37458,Petrol,Automatic
677,Maruti Suzuki SX4,Maruti,2016,970000,85960,Diesel,Manual
678,Audi A3 Cabriolet,Audi,2015,3100000,12516,Petrol,Automatic
679,Hyundai Eon D,Hyundai,2018,280000,35000,Petrol,Manual
680,Maruti Suzuki Zen,Maruti,2009,125000,0,Petrol,Automatic
681,Mahindra Scorpio SLX,Mahindra,2008,285000,80000,Diesel,Manual
682,Hyundai Santro AE,Hyundai,2011,165000,45000,Petrol,Manual
683,Maruti Suzuki Swift,Maruti,2009,250000,51000,Diesel,Manual
684,Mahindra Scorpio S4,Mahindra,2015,865000,30000,Diesel,Automatic
685,Mahindra Xylo D2,Mahindra,2011,390000,48000,Diesel,Automatic
686,Hyundai Santro,Hyundai,2003,60000,51000,Petrol,Manual
687,Chevrolet Beat LT,Chevrolet,2015,215000,90000,Diesel,Automatic
688,Maruti Suzuki Swift,Maruti,2015,475000,43000,Diesel,Manual
689,Mahindra XUV500 W8,Mahindra,2015,899000,53000,Diesel,Automatic
690,Toyota Fortuner 3.0,Toyota,2013,1499000,97000,Diesel,Manual
691,Maruti Suzuki Alto,Maruti,2013,240000,20000,Petrol,Automatic
692,Hyundai Getz GLE,Hyundai,2007,99000,55000,Petrol,Manual
693,Maruti Suzuki Swift,Maruti,2014,260000,120000,Diesel,Automatic
694,Hyundai Creta 1.6,Hyundai,2019,1200000,0,Petrol,Manual
695,Hyundai Santro Xing,Hyundai,2007,115000,46000,Petrol,Automatic
696,Hyundai Santro Xing,Hyundai,2009,88000,43200,Petrol,Manual
697,Mahindra Xylo D2,Mahindra,2011,390000,56000,Diesel,Automatic
698,Hyundai Santro Xing,Hyundai,2007,135000,42000,Petrol,Manual
699,Tata Indica V2,Tata,2009,90000,30600,Diesel,Automatic
700,Hyundai i10 Sportz,Hyundai,2011,220000,38000,Petrol,Manual
701,Hyundai Grand i10,Hyundai,2017,424999,2550,Petrol,Automatic
702,Hyundai Santro Xing,Hyundai,2007,135000,47000,Petrol,Manual
703,Honda City 1.5,Honda,2005,95000,41000,Petrol,Automatic
704,Nissan Micra XL,Nissan,2017,430000,62500,Diesel,Manual
705,Honda City 1.5,Honda,2005,115000,68000,Petrol,Automatic
706,Maruti Suzuki Alto,Maruti,2015,215000,50000,Petrol,Manual
707,Maruti Suzuki Wagon,Maruti,2004,53000,69000,Petrol,Automatic
708,Maruti Suzuki Ertiga,Maruti,2012,500000,48000,Diesel,Manual
709,Tata Indica eV2,Tata,2012,85000,55000,Diesel,Automatic
710,Maruti Suzuki Omni,Maruti,2013,165000,25000,Petrol,Manual
711,Hyundai Eon Era,Hyundai,2014,200000,28400,Petrol,Automatic
712,Hyundai Eon,Hyundai,2014,200000,28000,Petrol,Manual
713,Maruti Suzuki Swift,Maruti,2015,425000,42000,Diesel,Automatic
714,Hyundai Verna 1.6,Hyundai,2012,600000,29000,Diesel,Automatic
715,Chevrolet Tavera LS,Chevrolet,2005,130000,68485,Diesel,Manual
716,Tata Tiago Revotron,Tata,2018,430000,3500,Petrol,Automatic
717,Tata Tiago Revotorq,Tata,2019,568500,0,Petrol,Manual
718,Maruti Suzuki Zen,Maruti,2006,71000,32000,Petrol,Automatic
719,Mahindra KUV100 K8,Mahindra,2018,560000,8000,Diesel,Manual
720,Ford EcoSport Titanium,Ford,2014,590000,34000,Diesel,Automatic
721,Hindustan Motors Ambassador,Hindustan,1995,750000,37000,Petrol,Manual
722,Ford Fusion 1.4,Ford,2007,125000,85455,Diesel,Automatic
723,Hyundai Santro Xing,Hyundai,2007,135000,46000,Petrol,Manual
724,Hyundai Santro,Hyundai,2002,60000,47000,Petrol,Automatic
725,Fiat Linea Emotion,Fiat,2009,120000,64000,Petrol,Manual
726,Ford Ikon 1.3,Ford,2008,95000,46000,Petrol,Automatic
727,Maruti Suzuki Omni,Maruti,2017,240000,8000,Petrol,Manual
728,Tata Indica V2,Tata,2012,115000,64000,Diesel,Automatic
729,Mahindra Scorpio S4,Mahindra,2015,795000,63000,Diesel,Manual
730,Hyundai Santro Xing,Hyundai,2007,55000,65000,Petrol,Automatic
731,Mahindra Xylo D2,Mahindra,2009,300000,62000,Diesel,Manual
732,Hyundai Grand i10,Hyundai,2014,320000,41000,Petrol,Automatic
733,Maruti Suzuki Alto,Maruti,2015,265000,14000,Petrol,Manual
734,Toyota Corolla,Toyota,2006,160000,40000,Petrol,Automatic
735,Hyundai Eon Magna,Hyundai,2017,300000,1600,Petrol,Manual
736,Tata Sumo Grande,Tata,2010,130000,90000,Diesel,Automatic
737,Maruti Suzuki Swift,Maruti,2011,250000,58000,Diesel,Manual
738,Volkswagen Polo Highline1.2L,Volkswagen,2013,380000,27000,Petrol,Automatic
739,Maruti Suzuki Alto,Maruti,2003,42000,60000,Petrol,Manual
740,Tata Tiago Revotron,Tata,2017,400000,31000,Petrol,Automatic
741,Maruti Suzuki Swift,Maruti,2009,120000,90000,Diesel,Manual
742,Maruti Suzuki Swift,Maruti,2009,120000,90000,Diesel,Automatic
743,Tata Indigo eCS,Tata,2016,130000,150000,Diesel,Manual
744,Chevrolet Beat LS,Chevrolet,2014,189000,31000,Diesel,Automatic
745,Mahindra Xylo E8,Mahindra,2011,365000,43000,Diesel,Automatic
746,Hyundai Eon D,Hyundai,2013,170000,20000,Petrol,Manual
747,Tata Sumo Gold,Tata,2013,215000,100000,Petrol,Manual
748,Tata Nano,Tata,2013,60000,7000,Petrol,Automatic
749,Hyundai Elite i20,Hyundai,2017,599999,31000,Petrol,Manual
750,Hyundai i10 Magna,Hyundai,2009,400000,33000,Petrol,Automatic
751,Hyundai Creta,Hyundai,2016,900000,60000,Diesel,Manual
752,Volkswagen Polo,Volkswagen,2013,299999,48000,Diesel,Automatic
753,Maruti Suzuki Dzire,Maruti,2014,374999,33000,Petrol,Manual
754,Tata Bolt XM,Tata,2015,600000,15000,Petrol,Automatic
755,Maruti Suzuki Alto,Maruti,2005,70000,47000,Petrol,Manual
756,Maruti Suzuki Alto,Maruti,2005,100000,40000,Petrol,Automatic
757,Maruti Suzuki Ritz,Maruti,2010,150000,38000,Diesel,Automatic
758,Maruti Suzuki Alto,Maruti,2017,225000,12500,Petrol,Manual
759,Maruti Suzuki Dzire,Maruti,2009,210000,42000,Petrol,Automatic
760,Hyundai i20 Asta,Hyundai,2014,425000,31000,Petrol,Automatic
761,Maruti Suzuki Swift,Maruti,2008,162000,60000,Diesel,Manual
762,Tata Indica V2,Tata,2005,60000,80000,Diesel,Automatic
763,Mahindra Scorpio VLX,Mahindra,2014,650000,77000,Diesel,Manual
764,Toyota Innova 2.5,Toyota,2012,750000,75000,Diesel,Automatic
765,Mahindra Xylo E8,Mahindra,2010,375000,40000,Diesel,Manual
766,Hyundai i20 Magna,Hyundai,2011,230000,47000,Petrol,Automatic
767,Maruti Suzuki Omni,Maruti,2000,35999,60000,Petrol,Manual
768,Mahindra KUV100,Mahindra,2016,380000,26500,Petrol,Automatic
769,Mahindra KUV100 K8,Mahindra,2019,560000,2875,Petrol,Manual
770,Datsun Go Plus,Datsun,2016,285000,13900,Petrol,Automatic
771,Ford Endeavor 4x4,Ford,2019,2900000,9000,Diesel,Manual
772,Tata Indica V2,Tata,2005,39999,80000,Diesel,Automatic
773,Hyundai Santro Xing,Hyundai,2006,85000,60000,Petrol,Manual
774,Maruti Suzuki Wagon,Maruti,2016,395000,20000,Petrol,Automatic
775,Maruti Suzuki Swift,Maruti,2008,175000,58000,Diesel,Manual
776,Maruti Suzuki Alto,Maruti,2019,400000,1500,Petrol,Automatic
777,Toyota Innova 2.5,Toyota,2011,750000,75000,Diesel,Manual
778,Maruti Suzuki Alto,Maruti,2016,250000,2450,Petrol,Manual
779,Maruti Suzuki Alto,Maruti,2019,425000,1625,Petrol,Automatic
780,Volkswagen Polo Highline1.2L,Volkswagen,2017,525000,45000,Petrol,Automatic
781,Mahindra Logan,Mahindra,2009,130000,65000,Diesel,Manual
782,Maruti Suzuki 800,Maruti,2000,30000,33400,Petrol,Automatic
783,Mahindra Scorpio,Mahindra,2011,475000,60123,Diesel,Manual
784,Chevrolet Sail 1.2,Chevrolet,2013,300000,28000,Petrol,Automatic
785,Hyundai Santro AE,Hyundai,2003,60000,70000,Petrol,Automatic
786,Maruti Suzuki Wagon,Maruti,2006,100000,7000,Petrol,Manual
787,Hyundai Eon,Hyundai,2018,260000,25000,Petrol,Automatic
788,Tata Manza,Tata,2015,100000,100000,Diesel,Manual
789,Toyota Etios G,Toyota,2013,265000,42000,Petrol,Manual
790,Hyundai Getz Prime,Hyundai,2009,115000,20000,Petrol,Automatic
791,Toyota Qualis,Toyota,2003,180000,100000,Diesel,Manual
792,Hyundai Santro Xing,Hyundai,2004,45000,137495,Petrol,Automatic
793,Tata Indica eV2,Tata,2016,50500,91200,Diesel,Manual
794,Honda City 1.5,Honda,2009,270000,55000,Petrol,Automatic
795,Tata Zest XE,Tata,2017,290000,120000,Diesel,Manual
796,Mahindra Quanto C4,Mahindra,2013,325000,63000,Diesel,Automatic
797,Tata Indigo eCS,Tata,2016,160000,104000,Diesel,Manual
798,Maruti Suzuki Swift,Maruti,2016,350000,146000,Diesel,Automatic
799,Hyundai Elite i20,Hyundai,2011,290000,40000,Petrol,Manual
800,Hyundai i20 Select,Hyundai,2011,290000,40000,Petrol,Automatic
801,Chevrolet Tavera Neo,Chevrolet,2007,465000,100800,Diesel,Manual
802,Maruti Suzuki Dzire,Maruti,2016,325000,150000,Diesel,Automatic
803,Hyundai Elite i20,Hyundai,2018,510000,2100,Petrol,Manual
804,Honda City VX,Honda,2016,860000,95000,Petrol,Automatic
805,Maruti Suzuki Dzire,Maruti,2016,450000,2500,Diesel,Manual
806,Hyundai Getz,Hyundai,2006,125000,80000,Petrol,Automatic
807,Mercedes Benz C,Mercedes,2006,500001,15000,Petrol,Manual
808,Maruti Suzuki Alto,Maruti,2005,95000,65000,Petrol,Automatic
809,Maruti Suzuki Swift,Maruti,2009,250000,51000,Diesel,Manual
810,Skoda Fabia,Skoda,2009,110000,45000,Petrol,Automatic
811,Maruti Suzuki Ritz,Maruti,2011,270000,50000,Petrol,Automatic
812,Tata Indica V2,Tata,2009,110000,30000,Diesel,Automatic
813,Toyota Corolla Altis,Toyota,2009,300000,132000,Petrol,Manual
814,Tata Zest XM,Tata,2018,260000,27000,Diesel,Manual
815,Mahindra Quanto C8,Mahindra,2013,390000,40000,Diesel,Automatic
816,Renault Kwid CLIMBER,Renault,2021,485000,19604,Petrol,Automatic
817,Maruti Baleno,Maruti,2016,637000,19980,Petrol,Automatic
818,Tata Nexon,Tata,2021,1004000,48192,Diesel,Automatic
819,Jeep Compass,Jeep,2017,1099000,30044,Diesel,Automatic
820,Hyundai Tuscon,Hyundai ,2018,1864000,11865,Diesel,Automatic
821,Hyundai New Santro,Hyundai ,2021,553000,3098,Petrol,Manual
822,Maruti Dzire ZXI,Maruti,2021,795000,2274,Petrol,Manual
823,Maruti New Wagon-R,Maruti,2021,584000,24191,CNG,Manual
824,Skoda Rapid,Skoda,2020,822000,47239,Petrol,Manual
825,Hyundai GRAND I10,Hyundai ,2020,687000,33479,Petrol,Automatic
826,Hyundai AURA,Hyundai ,2020,757000,37554,CNG,Manual
827,Tata ALTROZ XZ,Tata,2020,730000,27970,Petrol,Manual
828,Skoda Rapid,Skoda,2020,980000,27997,Petrol,Automatic
829,Renault Kiger RXZ,Renault,2021,820000,19077,Petrol,Automatic
830,Maruti Ciaz,Maruti,2019,775000,39980,Petrol,Manual
831,Datsun Redi Go,Datsun,2019,397000,6380,Petrol,Automatic
832,Ford Ecosports,Ford,2019,984000,41273,Diesel,Manual
833,Mahindra XUV 3OO,Mahindra,2021,1169000,7239,Petrol,Manual
834,SKODA SLAVIA,Skoda,2022,1367000,3530,Petrol,Manual
835,KIA SELTOS,Kia,2019,1193000,20838,Petrol,Manual
836,Hyundai New Elantra,Hyundai ,2021,1579000,9088,Petrol,Manual
837,Skoda KUSHAQ,Skoda,2021,1575000,10098,Petrol,Manual
838,Volkswagen Vento,Volkswagen,2021,1238000,25578,Petrol,Automatic
839,Renault TRIBER,Renault,2019,682000,16157,Petrol,Manual
840,Mahindra MARAZZO,Mahindra,2020,1200000,22707,Diesel,Manual
841,Toyota Glanza,Toyota,2019,764000,25239,Petrol,Manual
842,MG HECTOR PLUS,MG,2021,1817000,25192,Diesel,Manual
843,Honda WR-V,Honda,2019,790000,30502,Petrol,Manual
844,Ford FREESTYLE TITANIUM,Ford,2019,610000,39486,Petrol,Manual
845,Mahindra BOLERO NEO,Mahindra,2022,1137000,7235,Diesel,Manual
846,Nissan MAGNITE,Nissan,2022,1086000,2716,Petrol,Automatic
847,MG ASTOR SAVVY,MG,2022,1809000,3751,Petrol,Automatic
848,Ford New Figo,Ford,2019,596000,37736,Petrol,Manual
849,Hyundai ALCAZAR,Hyundai ,2022,2131000,9699,Petrol,Automatic
850,Maruti XL6,Maruti,2021,1072000,56623,Petrol,Automatic
851,Maruti Baleno,Maruti,2019,764000,17274,Petrol,Manual
852,Tata Harrier,Tata,2019,1483000,42666,Diesel,Manual
853,Volkswagen TAIGUN,Volkswagen,2021,1436000,8122,Petrol,Manual
854,Toyota YARIS,Toyota,2021,1163000,20699,Petrol,Manual
855,Maruti S PRESSO,Maruti,2021,540000,25068,CNG,Manual
856,Maruti IGNIS,Maruti,2021,797000,15124,Petrol,Automatic
857,Renault Duster,Renault,2020,1063000,20704,Petrol,Manual
858,Honda Amaze,Honda,2019,601000,22176,Petrol,Manual
859,Hyundai Xcent,Hyundai ,2019,579000,42846,CNG,Manual
860,Volkswagen Polo,Volkswagen,2019,737000,85697,Diesel,Manual
861,Tata PUNCH,Tata,2021,799000,23183,Petrol,Manual
862,Maruti Celerio,Maruti,2019,487000,6452,Petrol,Manual
863,Toyota Etios Liva,Toyota,2019,533000,19659,Petrol,Manual
864,Mahindra XUV500,Mahindra,2019,1055000,36170,Diesel,Manual
865,Tata Safari,Tata,2022,2384000,6906,Diesel,Automatic
866,Land Rover Discovery,Land Rover,2019,4990000,32000,Diesel ,Automatic
867,Mercedes-Benz C-Class Prime,Mercedes,2020,4175000,18000,Petrol,Automatic
868,Tata Nexon EV,Tata,2021,1525000,20000,Electric,Automatic
869,Tata Nexon EV,Tata,2022,1499000,7900,Electric,Automatic
870,Tata Tigor EV,Tata,2019,695000,18500,Electric,Automatic
871,MG ZS EV,MG,2021,2025000,16000,Electric,Automatic
872,Tata Tigor EV,Tata,2021,1085000,9000,Electric,Automatic
873,MG ZS EV,MG,2021,2250000,30045,Electric,Automatic
874,Honda City VX,Honda,2019,986000,26555,Petrol,Automatic
875,Volvo XC40,Volvo,2020,3975000,16500,Petrol,Automatic
876,Volkswagen Vento,Volkswagen,2021,1325000,18449,Petrol,Automatic
877,Skoda Kodiaq 2.0,Skoda,2020,3299000,47000,Diesel ,Automatic
878,Mahindra XUV700,Mahindra,2022,2425000,15000,Petrol,Automatic
879,Mahindra Scorpio S9,Mahindra,2020,1525000,36000,Diesel ,Manual
880,Audi Q2 Premium,Audi,2021,3899000,9700,Petrol,Automatic
881,Skoda Superb Laurin,Skoda,2022,3850000,8700,Petrol,Automatic
882,Toyota Glanza,Toyota,2020,880000,353888,Petrol,Automatic
883,Mahindra KUV 100,Mahindra,2020,706000,14966,Petrol,Manual
884,Mahindra Thar,Mahindra,2022,1799000,9089,Petrol,Automatic
885,Ford Endeavour Titanium,Ford,2019,3275000,44125,Diesel ,Automatic
886,Toyota Corolla Altis,Toyota,2019,1490000,16000,Petrol,Automatic
887,Toyota Innova Crysta,Toyota,2019,2195000,70000,Diesel ,Automatic
888,Volkswagen Ameo,Volkswagen,2019,666000,15000,Petrol,Manual
889,Volkswagen Taigun,Volkswagen,2022,1699000,9000,Petrol,Automatic
890,Mahindra Thar,Mahindra,2021,1650000,2800,Petrol,Automatic
891,Renault KWID,Renault,2020,510000,5046,Petrol,Automatic
892,Maruti Wagon R,Maruti,2021,643000,12746,CNG,Manual
893,Hyundai Santro Sportz,Hyundai,2019,502000,21648,Petrol,Automatic
894,Ford Ecosport,Ford,2020,920000,20000,Diesel ,Manual
895,Maruti Ertiga ZXI,Maruti,2019,1095000,15000,Petrol,Automatic
896,Tata New Safari,Tata,2021,2250000,26000,Diesel ,Automatic
897,Hyundai Venue,Hyundai,2020,875000,28000,Petrol,Manual
898,Hyundai Creta,Hyundai,2019,1225000,60000,Petrol,Automatic
899,Hyundai Aura,Hyundai,2020,757000,68000,CNG,Manual
900,Honda Accord Hybrid,Honda,2019,3300000,1600,Petrol,Automatic
901,Kia Carnival Limousine,Kia,2020,3490000,30000,Diesel ,Automatic
902,Toyota Urban cruiser,Toyota,2022,1096000,15000,Petrol,Automatic
903,Renault Triber,Renault,2021,750000,30000,Petrol,Manual
904,Skoda Octavia Style,Skoda,2022,2995000,2984,Petrol,Automatic
905,Toyota Yaris,Toyota,2021,1116000,8047,Petrol,Automatic
906,MG Hector Sharp,MG,2019,1550000,35000,Petrol,Automatic
907,Maruti Ignis,Maruti,2019,650000,14000,Petrol,Manual
908,Maruti XL6,Maruti,2021,1288000,18280,Petrol,Automatic
909,Hyundai Creta,Hyundai,2021,1845000,8589,Petrol,Automatic
910,Volkswagen Tiguan 2.0,Volkswagen,2019,2575000,73081,Diesel ,Automatic
911,Kia Sonet,Kia,2021,1198000,14469,Diesel ,Manual
912,Maruti Celerio,Maruti,2022,719000,6872,CNG,Manual
913,Hyundai Xcent,Hyundai,2022,700000,50000,CNG,Manual
914,Maruti Alto 800,Maruti,2021,480000,21556,CNG,Manual
915,Tata Tiago,Tata,2022,837000,9354,CNG,Manual
