name,company,year,Price,kms_driven,fuel_type,transmission
Hyundai Santro Xing XO eRLX Euro III,Hyundai,2007,"80,000","45,000 kms",Petrol,Manual
Mahindra Jeep CL550 MDI,Mahindra,2006,"4,25,000",40 kms,Diesel,Automatic
Maruti Suzuki Alto 800 Vxi,Maruti,2018,Ask For Price,"22,000 kms",Petrol,Manual
Hyundai Grand i10 Magna 1.2 Kappa VTVT,Hyundai,2014,"3,25,000","28,000 kms",Petrol,Automatic
Ford EcoSport Titanium 1.5L TDCi,Ford,2014,"5,75,000","36,000 kms",Diesel,Manual
Ford EcoSport Titanium 1.5L TDCi,Ford,2015,Ask For Price,"59,000 kms",Diesel,Automatic
Ford Figo,Ford,2012,"1,75,000","41,000 kms",Diesel,Manual
Hyundai Eon,Hyundai,2013,"1,90,000","25,000 kms",Petrol,Automatic
Ford EcoSport Ambiente 1.5L TDCi,Ford,2016,"8,30,000","24,530 kms",Diesel,Manual
Maruti Suzuki Alto K10 VXi AMT,Maruti,2015,"2,50,000","60,000 kms",Petrol,Automatic
Skoda Fabia Classic 1.2 MPI,Skoda,2010,"1,82,000","60,000 kms",Petrol,Manual
Maruti Suzuki Stingray VXi,Maruti,2015,"3,15,000","30,000 kms",Petrol,Automatic
Hyundai Elite i20 Magna 1.2,Hyundai,2014,"4,15,000","32,000 kms",Petrol,Manual
Mahindra Scorpio SLE BS IV,Mahindra,2015,"3,20,000","48,660 kms",Diesel,Automatic
Hyundai Santro Xing XO eRLX Euro III,Hyundai,2007,"80,000","45,000 kms",Petrol,Manual
Mahindra Jeep CL550 MDI,Mahindra,2006,"4,25,000",40 kms,Diesel,Automatic
Audi A8,Audi,2017,"10,00,000","4,000 kms",Petrol,Manual
Audi Q7,Audi,2014,"5,00,000","16,934 kms",Diesel,Automatic
Mahindra Scorpio S10,Mahindra,2016,"3,50,000","43,000 kms",Diesel,Manual
Maruti Suzuki Alto 800,Maruti,2014,"1,60,000","35,550 kms",Petrol,Automatic
Mahindra Scorpio S10,Mahindra,2016,"3,50,000","43,000 kms",Diesel,Manual
Mahindra Scorpio S10,Mahindra,2016,"3,10,000","39,522 kms",Diesel,Automatic
Maruti Suzuki Alto 800 Vxi,Maruti,2015,"75,000","39,000 kms",Petrol,Manual
Hyundai i20 Sportz 1.2,Hyundai,2012,"1,00,000","55,000 kms",Petrol,Automatic
Hyundai i20 Sportz 1.2,Hyundai,2012,"1,00,000","55,000 kms",Petrol,Manual
Hyundai i20 Sportz 1.2,Hyundai,2012,"1,00,000","55,000 kms",Petrol,Automatic
Maruti Suzuki Alto 800 Lx,Maruti,2017,"1,90,000","72,000 kms",Petrol,Manual
Maruti Suzuki Vitara Brezza ZDi,Maruti,2016,"2,90,000","15,975 kms",Diesel,Automatic
Maruti Suzuki Alto LX,Maruti,2008,"95,000","70,000 kms",Petrol,Manual
Mahindra Bolero DI,Mahindra,2017,"1,80,000","23,452 kms",Diesel,Automatic
Maruti Suzuki Swift Dzire ZDi,Maruti,2014,"3,85,000","35,522 kms",Diesel,Manual
Mahindra Scorpio S10 4WD,Mahindra,2015,"2,50,000","48,508 kms",Diesel,Automatic
Maruti Suzuki Swift Vdi BSIII,Maruti,2017,"1,80,000","15,487 kms",Petrol,Manual
Maruti Suzuki Wagon R VXi BS III,Maruti,2013,"1,05,000","39,000 kms",Petrol,Automatic
Maruti Suzuki Wagon R VXi Minor,Maruti,2013,"1,05,000","39,000 kms",Petrol,Manual
Toyota Innova 2.0 G 8 STR BS IV,Toyota,2012,"6,50,000","82,000 kms",Diesel,Automatic
Renault Lodgy 85 PS RXL,Renault,2018,"6,89,999","20,000 kms",Diesel,Manual
Skoda Yeti Ambition 2.0 TDI CR 4x2,Skoda,2012,"4,48,000","68,000 kms",Diesel,Automatic
Maruti Suzuki Baleno Delta 1.2,Maruti,2017,"5,49,000","32,000 kms",Diesel,Manual
Renault Duster 110 PS RxZ Diesel Plus,Renault,2012,"5,01,000","38,000 kms",Diesel,Automatic
Renault Duster 85 PS RxE Diesel,Renault,2013,"4,89,999","27,000 kms",Diesel,Manual
Honda City 1.5 S MT,Honda,2011,"2,80,000","33,000 kms",Petrol,Automatic
Maruti Suzuki Alto K10 VXi AMT,Maruti,2015,"2,50,000","60,000 kms",Petrol,Manual
Maruti Suzuki Dzire,Maruti,2013,"3,49,999","46,000 kms",Diesel,Automatic
Honda Amaze,Honda,2013,"2,84,999","46,000 kms",Diesel,Manual
Honda Amaze 1.5 SX i DTEC,Honda,2015,"3,45,000","36,000 kms",Diesel,Automatic
Honda City,Honda,2015,"4,99,999","55,000 kms",Petrol,Manual
Datsun Redi GO S,Datsun,2017,"2,35,000","16,000 kms",Petrol,Automatic
Maruti Suzuki SX4 ZXI MT,Maruti,2010,"2,49,999","36,000 kms",Petrol,Manual
Mitsubishi Pajero Sport Limited Edition,Mitsubishi,2015,"14,75,000","47,000 kms",Diesel,Automatic
Mahindra Bolero DI,Mahindra,2017,"1,80,000","23,452 kms",Diesel,Manual
Maruti Suzuki Swift Dzire ZDi,Maruti,2014,"3,85,000","35,522 kms",Diesel,Automatic
Mahindra Scorpio S10 4WD,Mahindra,2015,"2,50,000","48,508 kms",Diesel,Manual
Maruti Suzuki Swift Vdi BSIII,Maruti,2017,"1,80,000","15,487 kms",Petrol,Automatic
Maruti Suzuki Wagon R VXi BS III,Maruti,2013,"1,05,000","39,000 kms",Petrol,Manual
Maruti Suzuki Wagon R VXi Minor,Maruti,2013,"1,05,000","39,000 kms",Petrol,Automatic
Mahindra Scorpio S10,Mahindra,2015,"3,95,000","35,000 kms",Diesel,Manual
Maruti Suzuki Swift VXi 1.2 ABS BS IV,Maruti,2017,"2,20,000","30,874 kms",Petrol,Automatic
Honda City ZX CVT,Honda,2017,"1,70,000","15,000 kms",Diesel,Manual
Maruti Suzuki Wagon R LX BS IV,Maruti,2013,"85,000","29,685 kms",Petrol,Automatic
Ford Figo,Ford,2012,"1,75,000","41,000 kms",Diesel,Manual
Hyundai Eon,Hyundai,2013,"1,90,000","25,000 kms",Petrol,Automatic
Tata Indigo eCS LS CR4 BS IV,Tata,2017,"2,00,000","1,30,000 kms",Diesel,Manual
Ford EcoSport Ambiente 1.5L TDCi,Ford,2016,"8,30,000","24,530 kms",Diesel,Automatic
Tata Indigo eCS LS CR4 BS IV,Tata,2017,"2,00,000","1,30,000 kms",Diesel,Manual
Mahindra Scorpio SLE BS IV,Mahindra,2012,"5,70,000","19,000 kms",Diesel,Automatic
Volkswagen Polo Highline Exquisite P,Volkswagen,2014,"3,15,000","60,000 kms",Petrol,Manual
Skoda Fabia Classic 1.2 MPI,Skoda,2010,"1,82,000","60,000 kms",Petrol,Automatic
Maruti Suzuki Stingray VXi,Maruti,2015,"3,15,000","30,000 kms",Petrol,Manual
I want to sell my car Tata Zest,I,2017,Ask For Price,,,Automatic
Chevrolet Spark LS 1.0,Chevrolet,2010,"1,10,000","41,000 kms",Petrol,Manual
Renault Duster 110PS Diesel RxZ,Renault,2012,"5,01,000","35,000 kms",Diesel,Automatic
Honda City,Honda,2015,"4,48,999","54,000 kms",Petrol,Manual
Mini Cooper S 1.6,Mini,2013,"18,91,111","13,000 kms",Petrol,Automatic
Datsun Redi GO S,Datsun,2017,"2,35,000","16,000 kms",Petrol,Manual
Skoda Fabia 1.2L Diesel Ambiente,Skoda,2011,"1,59,500","38,200 kms",Diesel,Automatic
Honda Amaze,Honda,2015,"3,44,999","22,000 kms",Petrol,Manual
Honda Amaze,Honda,2015,"3,44,999","22,000 kms",Petrol,Automatic
Renault Duster,Renault,2014,"4,49,999","50,000 kms",Diesel,Manual
Mini Cooper S 1.6,Mini,2013,"18,91,111","13,500 kms",Petrol,Automatic
Mahindra Scorpio S4,Mahindra,2015,"8,65,000","30,000 kms",Diesel,Manual
Mahindra Scorpio VLX 2WD BS IV,Mahindra,2014,"6,99,000","50,000 kms",Diesel,Automatic
Mahindra Quanto C8,Mahindra,2013,"3,75,000","20,000 kms",Diesel,Manual
Ford EcoSport,Ford,2017,"4,89,999","39,000 kms",Petrol,Automatic
Honda Brio,Honda,2012,"2,24,999","30,000 kms",Petrol,Manual
I want to sell my car Tata Zest,I,2017,Ask For Price,,,Automatic
Volkswagen Vento Highline Plus 1.5 Diesel AT,Volkswagen,2019,"12,00,000","3,600 kms",Diesel,Manual
Hyundai i20 Magna,Hyundai,2009,"1,95,000","32,000 kms",Petrol,Automatic
Toyota Corolla Altis Diesel D4DG,Toyota,2010,"3,51,000","38,000 kms",Diesel,Manual
Hyundai Verna Transform SX VTVT,Hyundai,2008,"1,60,000","45,000 kms",Petrol,Automatic
Toyota Corolla Altis Petrol Ltd,Toyota,2009,"2,40,000","35,000 kms",Petrol,Manual
Honda City 1.5 EXi New,Honda,2005,"90,000","50,000 kms",Petrol,Automatic
Hyundai Elite i20 Magna 1.2,Hyundai,2014,"4,15,000","32,000 kms",Petrol,Manual
Skoda Fabia 1.2L Diesel Elegance,Skoda,2011,"1,55,000","45,863 kms",Diesel,Automatic
BMW 3 Series 320i,BMW,2011,"6,00,000","60,500 kms",Petrol,Manual
Maruti Suzuki A Star Lxi,Maruti,2011,"1,89,500","12,500 kms",Petrol,Automatic
Toyota Etios GD,Toyota,2013,"3,50,000","60,000 kms",Diesel,Manual
Ford Figo Diesel EXI Option,Ford,2012,"2,10,000","35,000 kms",Diesel,Automatic
Maruti Suzuki Swift Dzire VXi 1.2 BS IV,Maruti,2014,"3,90,000","35,000 kms",Petrol,Manual
Chevrolet Beat LT Diesel,Chevrolet,2012,"1,35,000","45,000 kms",Diesel,Automatic
BMW 7 Series 740Li Sedan,BMW,2009,"16,00,000","35,000 kms",Petrol,Manual
Mahindra XUV500 W8 AWD 2013,Mahindra,2013,"7,01,000","38,000 kms",Diesel,Automatic
Hyundai i10 Magna 1.2,Hyundai,2014,"2,65,000","18,000 kms",Petrol,Manual
Hyundai Verna Fluidic New,Hyundai,2015,"5,25,000","35,000 kms",Diesel,Automatic
Maruti Suzuki Swift VXi 1.2 BS IV,Maruti,2013,"3,72,000","13,349 kms",Petrol,Manual
Maruti Suzuki Ertiga ZXI Plus,Maruti,2016,"6,35,000","29,000 kms",Petrol,Automatic
Ford EcoSport Titanium 1.5L TDCi,Ford,2014,"5,50,000","44,000 kms",Diesel,Manual
Maruti Suzuki Ertiga Vxi,Maruti,2016,"5,75,000","29,000 kms",Petrol,Automatic
Maruti Suzuki Ertiga VDi,Maruti,2013,"4,85,000","42,000 kms",Diesel,Manual
Maruti Suzuki Alto LXi BS III,Maruti,2012,"1,55,000","14,000 kms",Petrol,Automatic
Hyundai Grand i10 Asta 1.1 CRDi,Hyundai,2014,"3,45,000","49,000 kms",Diesel,Manual
Honda Amaze 1.2 S i VTEC,Honda,2014,"3,25,000","42,000 kms",Petrol,Automatic
Hyundai i20 Asta 1.4 CRDI 6 Speed,Hyundai,2012,"3,29,500","36,200 kms",Diesel,Manual
Ford Figo Diesel EXI,Ford,2014,"1,95,000","50,000 kms",Diesel,Automatic
Maruti Suzuki Eeco 5 STR WITH AC HTR,Maruti,2015,"2,51,111","55,000 kms",Petrol,Manual
Maruti Suzuki Ertiga ZXi,Maruti,2014,"5,69,999","45,000 kms",Petrol,Automatic
Maruti Suzuki Esteem LXi BS III,Maruti,2007,"69,999","51,000 kms",Petrol,Manual
Maruti Suzuki Ritz VXI,Maruti,2014,"2,99,999","19,000 kms",Petrol,Automatic
Maruti Suzuki Dzire,Maruti,2009,"2,20,000","46,000 kms",Petrol,Manual
Maruti Suzuki Ritz LDi,Maruti,2013,"3,99,999","33,000 kms",Diesel,Automatic
Maruti Suzuki Swift VXi 1.2 BS IV,Maruti,2013,"3,72,000","13,349 kms",Petrol,Manual
Maruti Suzuki Dzire VDI,Maruti,2015,"4,50,000","1,04,000 kms",Diesel,Automatic
Toyota Etios Liva G,Toyota,2014,"2,70,000","55,000 kms",Petrol,Manual
Hyundai i20 Sportz 1.4 CRDI,Hyundai,2011,"3,50,000","33,333 kms",Diesel,Automatic
Chevrolet Spark,Chevrolet,2012,"1,58,400","33,600 kms",Petrol,Manual
Maruti Suzuki Alto K10 VXi AMT,Maruti,2017,"3,50,000","5,600 kms",Petrol,Automatic
Nissan Micra XV,Nissan,2011,"1,79,000","41,000 kms",Petrol,Manual
Maruti Suzuki Swift,Maruti,2007,"1,25,000","70,000 kms",Petrol,Automatic
Maruti Suzuki Alto 800,Maruti,2018,"2,00,000","7,500 kms",Petrol,Manual
Honda Amaze 1.5 S i DTEC,Honda,2013,"2,99,000","45,000 kms",Diesel,Automatic
Maruti Suzuki Alto 800 Vxi,Maruti,2015,"2,20,000","38,000 kms",Petrol,Manual
Chevrolet Beat,Chevrolet,2015,"1,50,000","30,000 kms",Petrol,Automatic
Toyota Corolla,Toyota,2009,"2,75,000","26,000 kms",,Manual
Honda City 1.5 V MT,Honda,2010,"2,85,000","35,000 kms",Petrol,Automatic
Ford EcoSport Trend 1.5L TDCi,Ford,2016,"8,30,000","24,330 kms",Diesel,Manual
Hyundai i20 Asta 1.2,Hyundai,2009,"2,10,000","65,480 kms",Petrol,Automatic
Maruti Suzuki Swift Dzire VXi 1.2 BS IV,Maruti,2013,"3,40,000","41,000 kms",Petrol,Manual
Tata Indica V2 eLS,Tata,2006,"90,000","20,000 kms",Petrol,Automatic
Maruti Suzuki Alto 800 Lxi,Maruti,2018,Ask For Price,"28,028 kms",Petrol,Manual
Hindustan Motors Ambassador,Hindustan,2000,"70,000","2,00,000 kms",Diesel,Automatic
Toyota Corolla Altis 1.8 GL,Toyota,2010,"2,89,999","70,000 kms",Petrol,Manual
Toyota Corolla Altis 1.8 J,Toyota,2012,"3,49,999","59,000 kms",Petrol,Automatic
Toyota Innova 2.5 GX BS IV 7 STR,Toyota,2012,"8,49,999","99,000 kms",Diesel,Manual
Volkswagen Jetta Highline TDI AT,Volkswagen,2014,"7,49,999","46,000 kms",Diesel,Automatic
Volkswagen Polo Comfortline 1.2L P,Volkswagen,2015,"3,99,999","2,800 kms",Petrol,Manual
Volkswagen Polo,Volkswagen,2014,"2,74,999","32,000 kms",Petrol,Automatic
Mahindra Scorpio,Mahindra,2015,"9,84,999","22,000 kms",Diesel,Manual
Renault Duster,Renault,2014,"4,49,999","50,000 kms",Diesel,Automatic
Honda Amaze,Honda,2015,"3,44,999","22,000 kms",Petrol,Manual
Nissan Sunny,Nissan,2012,"2,24,999","45,000 kms",Petrol,Automatic
Hyundai Elite i20,Hyundai,2018,"5,99,999","21,000 kms",Petrol,Manual
Renault Kwid,Renault,2016,"2,44,999","11,000 kms",Petrol,Automatic
Renault Duster,Renault,2013,"3,99,999","41,000 kms",Diesel,Manual
Ford EcoSport,Ford,2017,"4,89,999","39,000 kms",Petrol,Automatic
Renault Duster,Renault,2014,"4,74,999","50,000 kms",Diesel,Manual
Mahindra Scorpio VLX Airbag,Mahindra,2011,"4,99,999","66,000 kms",Diesel,Automatic
Maruti Suzuki Alto 800 Lxi,Maruti,2018,"3,10,000","3,000 kms",Petrol,Manual
Chevrolet Spark LT 1.0,Chevrolet,2010,"85,000","45,000 kms",Petrol,Automatic
Datsun Redi GO T O,Datsun,2016,"2,45,000","7,000 kms",Petrol,Manual
Maruti Suzuki Swift RS VDI,Maruti,2010,"1,89,500","38,500 kms",Diesel,Automatic
Fiat Punto Emotion 1.2,Fiat,2012,"1,69,500","37,200 kms",Diesel,Manual
Maruti Suzuki Swift RS VDI,Maruti,2010,"1,59,500","43,200 kms",Diesel,Automatic
Toyota Etios GD,Toyota,2013,"2,75,000","24,800 kms",Petrol,Manual
Hyundai i20 Sportz 1.4 CRDI,Hyundai,2014,"3,70,000","60,000 kms",Diesel,Automatic
Hyundai i10 Sportz 1.2,Hyundai,2010,"1,68,000","45,872 kms",Petrol,Manual
Chevrolet Beat LT Opt Diesel,Chevrolet,2011,"1,50,000","40,000 kms",Diesel,Automatic
Chevrolet Beat LS Diesel,Chevrolet,2011,"1,45,000","45,000 kms",Diesel,Manual
Chevrolet Beat LT Diesel,Chevrolet,2012,"98,500","38,000 kms",Diesel,Automatic
Mahindra Scorpio VLX 2WD BS IV,Mahindra,2014,"6,99,000","50,000 kms",Diesel,Manual
Tata Indigo CS,Tata,2011,"85,000","11,400 kms",Diesel,Automatic
Toyota Corolla Altis 1.8 J,Toyota,2015,"5,75,000","42,000 kms",Petrol,Manual
Honda City 1.5 V MT,Honda,2014,"5,49,000","39,000 kms",Petrol,Automatic
Maruti Suzuki Swift VDi,Maruti,2011,"2,09,000","47,000 kms",Diesel,Manual
Hyundai Eon Era Plus,Hyundai,2013,"1,85,000","27,000 kms",Petrol,Automatic
Mahindra Scorpio S10,Mahindra,2015,"9,00,000","97,200 kms",Diesel,Manual
Mahindra XUV500,Mahindra,2014,"6,99,999","52,000 kms",Diesel,Automatic
Honda Brio,Honda,2012,"2,24,999","30,000 kms",Petrol,Manual
Ford Fiesta,Ford,2011,"2,74,999","55,000 kms",Diesel,Automatic
Honda Amaze,Honda,2013,"2,84,999","46,000 kms",Diesel,Manual
Honda City,Honda,2015,"5,99,999","30,000 kms",Diesel,Automatic
Maruti Suzuki Wagon R,Maruti,2012,"1,99,999","44,000 kms",Petrol,Manual
Honda City,Honda,2014,"5,44,999","45,000 kms",Diesel,Automatic
Hyundai i20,Hyundai,2009,"1,99,000","31,000 kms",Petrol,Manual
Tata Indigo eCS LX TDI BS III,Tata,2016,"3,20,000","1,75,430 kms",Diesel,Automatic
Hyundai Fluidic Verna 1.6 CRDi SX,Hyundai,2015,"5,40,000","38,000 kms",Diesel,Manual
"Commercial , DZire LDI, 2016, for sale",Commercial,...,Ask For Price,,,Automatic
Mahindra Quanto C8,Mahindra,2013,"3,40,000","37,000 kms",Diesel,Manual
Fiat Petra ELX 1.2 PS,Fiat,2008,"75,000","65,000 kms",Petrol,Automatic
Skoda Fabia 1.2L Diesel Ambiente,Skoda,2011,"1,59,500","38,200 kms",Diesel,Manual
Mini Cooper S 1.6,Mini,2013,"18,91,111","13,000 kms",Petrol,Automatic
Hyundai Santro Xing XS,Hyundai,2005,"49,000","7,500 kms",Petrol,Manual
Maruti Suzuki Ciaz VXi Plus,Maruti,2016,"7,00,000","3,350 kms",Petrol,Automatic
Maruti Suzuki Zen VX,Maruti,2000,"55,000","60,000 kms",Petrol,Manual
Honda City,Honda,2015,"4,48,999","54,000 kms",Petrol,Automatic
Hyundai Creta 1.6 SX Plus Petrol,Hyundai,2017,"8,95,000","32,000 kms",Petrol,Manual
"Tata indigo ecs LX, 201",Tata,150k,"1,50,000",,,Automatic
Mahindra Scorpio SLX,Mahindra,2007,"3,55,000","75,000 kms",Diesel,Manual
Mahindra Scorpio SLE BS IV,Mahindra,2012,"5,65,000","62,000 kms",Diesel,Automatic
Toyota Innova 2.5 G BS III 8 STR,Toyota,2006,"3,65,000","73,000 kms",Diesel,Manual
Maruti Suzuki Alto K10 VXi AMT,Maruti,2011,"1,45,000","41,000 kms",Petrol,Automatic
Maruti Suzuki Wagon R LXI BS IV,Maruti,2011,"2,10,000","35,000 kms",Petrol,Manual
Tata Nano Cx BSIV,Tata,2013,"40,000","2,200 kms",Petrol,Automatic
Maruti Suzuki Alto Std BS IV,Maruti,2013,"1,25,000","39,000 kms",Petrol,Manual
Maruti Suzuki Wagon R LXi BS III,Maruti,2009,"1,35,000","45,000 kms",Petrol,Automatic
Maruti Suzuki Swift VXI BSIII,Maruti,2006,"1,35,000","45,000 kms",Petrol,Manual
Tata Sumo Victa EX 10 by 7 Str BSIII,Tata,2012,"2,85,000","65,000 kms",Diesel,Automatic
MARUTI SUZUKI DESI,MARUTI,TOUR,"4,00,000",,,Manual
Maruti Suzuki Wagon R LXi BS III,Maruti,2010,"1,45,000","54,870 kms",Petrol,Automatic
Maruti Suzuki Alto LXi BS III,Maruti,2010,"1,35,000","34,580 kms",Petrol,Manual
Volkswagen Passat Diesel Comfortline AT,Volkswagen,2009,"4,50,000","97,000 kms",Diesel,Automatic
Renault Scala RxL Diesel Travelogue,Renault,2015,"3,75,000","25,000 kms",Diesel,Manual
Mahindra Quanto C8,Mahindra,2013,"3,75,000","20,000 kms",Diesel,Automatic
Hyundai Grand i10 Sportz O 1.2 Kappa VTVT,Hyundai,2014,"3,65,000","20,000 kms",Petrol,Manual
Hyundai i20 Active 1.2 SX,Hyundai,2015,"5,00,000","18,000 kms",Petrol,Automatic
Mahindra Xylo E4,Mahindra,2012,"4,00,000","35,000 kms",Diesel,Manual
Mahindra Jeep MM 550 XDB,Mahindra,2019,"3,90,000",60 kms,Diesel,Automatic
Renault Duster 110PS Diesel RxZ,Renault,2012,"5,01,000","35,000 kms",Diesel,Manual
Mahindra Bolero SLE BS IV,Mahindra,2013,"3,30,000","80,200 kms",Diesel,Automatic
Force Motors Force One LX ABS 7 STR,Force,2015,"5,80,000","3,200 kms",Diesel,Manual
Maruti Suzuki SX4,Maruti,2012,"2,65,000","46,000 kms",Diesel,Automatic
Mahindra Jeep CL550 MDI,Mahindra,2019,"3,79,000","0,000 kms",Diesel,Manual
Maruti Suzuki Alto 800,Maruti,2015,"2,19,000","5,000 kms",Petrol,Automatic
Mahindra Jeep CL550 MDI,Mahindra,2018,"3,85,000",588 kms,Diesel,Manual
Toyota Etios,Toyota,2011,"2,75,000","36,000 kms",Diesel,Automatic
Volkswagen Polo,Volkswagen,2015,"3,30,000","38,000 kms",Diesel,Manual
Honda City ZX VTEC,Honda,2008,"1,10,000","45,000 kms",Petrol,Automatic
Maruti Suzuki Wagon R LX BS III,Maruti,2006,"80,000","71,200 kms",Petrol,Manual
Honda City VX O MT Diesel,Honda,2016,"5,19,000","52,000 kms",Diesel,Automatic
Mahindra Thar CRDe 4x4 AC,Mahindra,2016,"7,30,000","29,000 kms",Diesel,Manual
Mitsubishi Pajero Sport Limited Edition,Mitsubishi,2015,"14,75,000","47,000 kms",Diesel,Automatic
Audi A4 1.8 TFSI Multitronic Premium Plus,Audi,2009,"6,99,000","47,000 kms",Petrol,Manual
Mercedes Benz GLA Class 200 CDI Sport,Mercedes,2015,"20,00,000","20,000 kms",Diesel,Automatic
Land Rover Freelander 2 SE,Land,2015,"21,00,000","30,000 kms",Diesel,Manual
Renault Kwid RXT,Renault,2017,"3,40,000","5,000 kms",Petrol,Automatic
Tata Aria Pleasure 4X2,Tata,2014,"3,90,000","35,000 kms",Diesel,Manual
Mercedes Benz B Class B180 Sports,Mercedes,2014,"14,00,000","31,000 kms",Petrol,Automatic
Datsun GO T O,Datsun,2016,"2,45,000","7,000 kms",Petrol,Manual
Tata Indigo eCS LX TDI BS III,Tata,2016,"3,20,000","1,75,430 kms",Diesel,Automatic
Tata Indigo eCS LX TDI BS III,Tata,2016,"3,20,000","1,75,400 kms",Diesel,Manual
Honda Jazz VX MT,Honda,2016,"4,50,000","41,000 kms",Petrol,Automatic
Honda Amaze 1.2 S i VTEC,Honda,2014,"3,11,000","33,000 kms",Petrol,Manual
Honda Amaze,Honda,2013,"2,84,999","46,000 kms",Diesel,Automatic
Honda City,Honda,2012,"3,99,999","45,000 kms",Petrol,Manual
Honda City,Honda,2015,"5,99,999","39,000 kms",Diesel,Automatic
Honda Amaze,Honda,2015,"3,44,999","22,000 kms",Petrol,Manual
Audi A4 1.8 TFSI Multitronic Premium Plus,Audi,2009,"6,99,000","47,000 kms",Petrol,Automatic
Force Motors Force One LX ABS 7 STR,Force,2015,"5,80,000","3,200 kms",Diesel,Manual
Mahindra Scorpio S4,Mahindra,2015,"8,55,000","30,000 kms",Diesel,Automatic
Hyundai i20 Active 1.4L SX O,Hyundai,2015,"5,35,000","37,000 kms",Diesel,Manual
Mini Cooper S,Mini,2013,"18,91,111","13,000 kms",Petrol,Automatic
Maruti Suzuki Ciaz ZXI Plus,Maruti,2017,"6,99,000","14,000 kms",Petrol,Manual
Chevrolet Tavera Neo,Chevrolet,2013,"3,75,000","55,000 kms",Diesel,Automatic
Honda Amaze,Honda,2013,"2,84,999","46,000 kms",Diesel,Manual
Hyundai Eon Sportz,Hyundai,2012,"1,78,000","30,000 kms",Petrol,Automatic
Tata Sumo Gold Select Variant,Tata,2013,"3,00,000","50,000 kms",Diesel,Manual
Maruti Suzuki Wagon R 1.0,Maruti,2003,"90,000","45,000 kms",Petrol,Automatic
Maruti Suzuki Esteem VXi BS III,Maruti,2006,"95,000","45,000 kms",Petrol,Manual
Maruti Suzuki Eeco 5 STR WITH AC HTR,Maruti,2015,"2,55,000","9,300 kms",Petrol,Automatic
Chevrolet Enjoy 1.4 LS 8 STR,Chevrolet,2013,"2,45,000","55,000 kms",Diesel,Manual
Hyundai i20 Asta 1.4 CRDI 6 Speed,Hyundai,2012,"3,29,500","36,200 kms",Diesel,Automatic
Ford Figo Diesel EXI,Ford,2014,"1,95,000","50,000 kms",Diesel,Manual
Maruti Suzuki Eeco 5 STR WITH AC HTR,Maruti,2015,"2,51,111","55,000 kms",Petrol,Automatic
Maruti Suzuki Ertiga ZXi,Maruti,2014,"5,69,999","45,000 kms",Petrol,Manual
Maruti Suzuki Esteem LXi BS III,Maruti,2007,"69,999","51,000 kms",Petrol,Automatic
Maruti Suzuki Ritz VXI,Maruti,2014,"2,99,999","19,000 kms",Petrol,Manual
Maruti Suzuki Dzire,Maruti,2009,"2,20,000","46,000 kms",Petrol,Automatic
Maruti Suzuki Ritz LDi,Maruti,2013,"3,99,999","33,000 kms",Diesel,Manual
Maruti Suzuki SX4 ZXI MT,Maruti,2010,"2,49,999","36,000 kms",Petrol,Automatic
Maruti Suzuki Wagon R 1.0 VXi,Maruti,2015,"2,89,999","22,000 kms",Petrol,Manual
Mini Cooper S 1.6,Mini,2013,"18,91,111","13,500 kms",Petrol,Automatic
Nissan Terrano XL D Plus,Nissan,2015,"4,99,999","60,000 kms",Diesel,Manual
Renault Duster 85 PS RxE Diesel,Renault,2013,"4,89,999","27,000 kms",Diesel,Automatic
Renault Duster 85 PS RxE Diesel,Renault,2014,"4,89,999","59,000 kms",Diesel,Manual
Renault Duster 85 PS RxL Diesel,Renault,2015,"5,49,999","19,000 kms",Diesel,Automatic
Maruti Suzuki Dzire ZXI,Maruti,2013,"3,80,000","30,000 kms",Petrol,Manual
Renault Kwid RXT Opt,Renault,2018,"3,25,000","15,000 kms",Petrol,Automatic
Maruti Suzuki Maruti 800 Std,Maruti,2003,"57,000","56,758 kms",Petrol,Manual
Renault Kwid 1.0 RXT AMT,Renault,2018,"3,49,999","10,000 kms",Petrol,Automatic
Renault Lodgy 85 PS RXL,Renault,2018,"6,89,999","20,000 kms",Diesel,Manual
Renault Scala RxL Diesel,Renault,2014,"3,49,999","49,000 kms",Diesel,Automatic
Hyundai Grand i10 Asta 1.2 Kappa VTVT O,Hyundai,2014,"4,10,000","41,000 kms",Petrol,Manual
Maruti Suzuki Swift Dzire VXi 1.2 BS IV,Maruti,2011,"2,25,000","45,000 kms",Petrol,Automatic
Chevrolet Beat LS Petrol,Chevrolet,2010,"1,20,000","43,000 kms",Petrol,Manual
Tata Indigo eCS LX TDI BS III,Tata,2016,"3,20,000","1,75,430 kms",Diesel,Automatic
Hyundai Santro Xing XO eRLX Euro III,Hyundai,2000,"59,000","56,450 kms",Petrol,Manual
Hyundai Fluidic Verna 1.6 CRDi SX,Hyundai,2015,"5,40,000","38,000 kms",Diesel,Automatic
"Commercial , DZire LDI, 2016, for sale",Commercial,...,Ask For Price,,,Manual
Chevrolet Beat LS Petrol,Chevrolet,2010,"80,000","56,000 kms",Petrol,Automatic
Mahindra Quanto C8,Mahindra,2013,"3,40,000","37,000 kms",Diesel,Manual
Fiat Petra ELX 1.2 PS,Fiat,2008,"75,000","65,000 kms",Petrol,Automatic
Chevrolet Beat LS Petrol,Chevrolet,2015,"2,20,000","32,700 kms",Petrol,Manual
Skoda Fabia 1.2L Diesel Ambiente,Skoda,2011,"1,59,500","38,200 kms",Diesel,Automatic
Ford EcoSport Titanium 1.5L TDCi,Ford,2016,"5,99,000","30,000 kms",Diesel,Manual
Hyundai Accent GLX,Hyundai,2006,"80,000","56,000 kms",Petrol,Automatic
Yama,Yamaha,r 15,"55,000",,,Manual
Maruti Suzuki Swift LDi,Maruti,2010,Ask For Price,"52,000 kms",Diesel,Automatic
Mahindra TUV300 T4 Plus,Mahindra,2016,"6,75,000","9,000 kms",Diesel,Manual
Mini Cooper S 1.6,Mini,2013,"18,91,111","13,000 kms",Petrol,Automatic
Mini Cooper S 1.6,Mini,2013,"18,91,111","13,000 kms",Petrol,Manual
Tata Indica V2 Xeta e GLE,Tata,2008,"1,50,000","11,000 kms",Petrol,Automatic
Mini Cooper S,Mini,2013,"18,91,111","13,000 kms",Petrol,Manual
Tata Indigo CS LS DiCOR,Tata,2009,"72,500","46,000 kms",Diesel,Automatic
Maruti Suzuki Swift VXi 1.2 ABS BS IV,Maruti,2019,"6,10,000",73 kms,Petrol,Manual
Mahindra Scorpio VLX Special Edition BS III,Mahindra,2004,"2,30,000","1,60,000 kms",Diesel,Automatic
Tata Indica eV2 LS,Tata,2017,Ask For Price,"84,000 kms",Diesel,Manual
Honda Accord,Honda,2009,"1,75,000","58,559 kms",Petrol,Automatic
Mahindra Scorpio S4,Mahindra,2015,"8,55,000","30,000 kms",Diesel,Manual
Chevrolet Tavera Neo,Chevrolet,2013,"3,75,000","55,000 kms",Diesel,Automatic
Ford EcoSport Titanium 1.5 TDCi,Ford,2014,"5,20,000","57,000 kms",Diesel,Manual
Maruti Suzuki Ertiga,Maruti,2015,"5,24,999","50,000 kms",Diesel,Automatic
Honda Amaze,Honda,2014,"2,99,999","37,000 kms",Petrol,Manual
Maruti Suzuki Dzire,Maruti,2012,"2,99,999","40,000 kms",Petrol,Automatic
Honda City,Honda,2011,"2,84,999","55,000 kms",Petrol,Manual
Mahindra Scorpio 2.6 CRDe,Mahindra,2007,"2,20,000","1,70,000 kms",Diesel,Automatic
Maruti Suzuki Dzire,Maruti,2014,"4,24,999","55,000 kms",Diesel,Manual
Honda City,Honda,2015,"6,44,999","39,000 kms",Petrol,Automatic
Honda Mobilio,Honda,2014,"3,99,999","44,000 kms",Petrol,Manual
Toyota Corolla Altis,Toyota,2009,"1,99,999","65,000 kms",Petrol,Automatic
Honda City,Honda,2014,"5,84,999","39,000 kms",Petrol,Manual
Skoda Laura,Skoda,2012,"3,49,999","44,000 kms",Diesel,Automatic
Renault Duster,Renault,2015,"4,49,999","49,000 kms",Diesel,Manual
Maruti Suzuki Ertiga,Maruti,2018,"7,99,999","9,000 kms",Diesel,Automatic
Maruti Suzuki Dzire,Maruti,2015,"4,44,999","45,000 kms",Diesel,Manual
Mahindra XUV500,Mahindra,2014,"6,49,999","47,000 kms",Diesel,Automatic
Hyundai Verna Fluidic,Hyundai,2012,"4,44,999","40,000 kms",Diesel,Manual
Maruti Suzuki Vitara Brezza,Maruti,2016,"6,89,999","29,000 kms",Diesel,Automatic
Maruti Suzuki Wagon R,Maruti,2016,"3,44,999","15,000 kms",Petrol,Manual
Mahindra Scorpio,Mahindra,2015,"9,44,999","45,000 kms",Diesel,Automatic
Honda Amaze,Honda,2014,"2,74,999","35,000 kms",Petrol,Manual
Mahindra XUV500,Mahindra,2013,"6,89,999","80,000 kms",Diesel,Automatic
Mahindra Scorpio,Mahindra,2013,"5,74,999","68,000 kms",Diesel,Manual
Skoda Laura,Skoda,2013,"3,74,999","50,000 kms",Diesel,Automatic
Volkswagen Polo,Volkswagen,2010,"1,99,999","60,000 kms",Diesel,Manual
Hyundai Elite i20,Hyundai,2016,"5,49,999","9,000 kms",Petrol,Automatic
Tata Manza Aura Quadrajet,Tata,2012,"1,30,000","72,000 kms",Diesel,Manual
Chevrolet Sail UVA Petrol LT ABS,Chevrolet,2013,"2,10,000","60,000 kms",Petrol,Automatic
Renault Duster 110 PS RxZ Diesel Plus,Renault,2012,"5,01,000","38,000 kms",Diesel,Manual
Hyundai Verna Fluidic 1.6 VTVT SX,Hyundai,2013,"4,01,000","45,000 kms",Diesel,Automatic
Audi A4 2.0 TDI 177bhp Premium,Audi,2012,"13,50,000","40,000 kms",Diesel,Manual
Hyundai Elantra SX,Hyundai,2013,"6,00,000","20,000 kms",Petrol,Automatic
Mahindra Scorpio VLX 4WD Airbag,Mahindra,2013,"6,10,000","35,000 kms",Diesel,Manual
Mahindra KUV100 K8 D 6 STR,Mahindra,2016,"4,00,000","20,000 kms",Diesel,Automatic
Renault Scala RxL Diesel Travelogue,Renault,2015,"3,75,000","25,000 kms",Diesel,Manual
Mahindra Quanto C8,Mahindra,2013,"3,75,000","20,000 kms",Diesel,Automatic
Hyundai Grand i10 Sportz O 1.2 Kappa VTVT,Hyundai,2014,"3,65,000","20,000 kms",Petrol,Manual
Hyundai i20 Active 1.2 SX,Hyundai,2015,"5,00,000","18,000 kms",Petrol,Automatic
Mahindra Xylo E4,Mahindra,2012,"4,00,000","35,000 kms",Diesel,Manual
Hyundai Grand i10,Hyundai,2017,"5,24,999","6,821 kms",Petrol,Automatic
Hyundai i20,Hyundai,2014,"4,49,999","23,000 kms",Petrol,Manual
Hyundai Eon,Hyundai,2014,"1,74,999","14,000 kms",Petrol,Automatic
Hyundai i10,Hyundai,2012,"2,44,999","38,000 kms",Petrol,Manual
Hyundai i20 Active,Hyundai,2015,"5,74,999","35,000 kms",Diesel,Automatic
Datsun Redi GO,Datsun,2017,"2,44,999","22,000 kms",Petrol,Manual
Toyota Etios Liva,Toyota,2011,"2,39,999","41,000 kms",Petrol,Automatic
Hyundai Accent,Hyundai,2010,"99,999","45,000 kms",Petrol,Manual
Hyundai Verna,Hyundai,2014,"4,89,999","44,000 kms",Diesel,Automatic
Maruti Suzuki Swift,Maruti,2013,"3,24,999","45,000 kms",Diesel,Manual
Toyota Fortuner,Toyota,2011,"10,74,999","52,000 kms",Diesel,Automatic
Hyundai i10 Sportz,Hyundai,2012,"2,30,000","34,000 kms",Petrol,Manual
Mahindra Bolero Power Plus SLE,Mahindra,2018,"6,99,000","1,800 kms",Diesel,Automatic
selling car Ta,selling,Zest,Ask For Price,,,Manual
Mahindra XUV500,Mahindra,2015,"10,00,000","15,000 kms",Diesel,Automatic
Honda City 1.5 V MT Exclusive,Honda,2010,"2,40,000","4,00,000 kms",Petrol,Manual
Chevrolet Spark LT 1.0 Airbag,Chevrolet,2009,"1,10,000","44,000 kms",Petrol,Automatic
Mahindra Jeep MM 550 XDB,Mahindra,2019,"3,90,000",60 kms,Diesel,Manual
Renault Duster 110PS Diesel RxZ,Renault,2012,"5,01,000","35,000 kms",Diesel,Automatic
Mahindra XUV500,Mahindra,2016,"11,30,000","72,000 kms",Diesel,Manual
Tata Indigo eCS VX CR4 BS IV,Tata,2014,"2,50,000","40,000 kms",Diesel,Automatic
Tata Zest 90,Tata,/-Rs,Ask For Price,,,Manual
Mahindra Bolero SLE BS IV,Mahindra,2013,"3,30,000","80,200 kms",Diesel,Automatic
Force Motors Force One LX ABS 7 STR,Force,2015,"5,80,000","3,200 kms",Diesel,Manual
Skoda Rapid Elegance 1.6 TDI CR MT,Skoda,2013,"3,40,000","48,000 kms",Diesel,Automatic
Tata Vista Quadrajet VX,Tata,2011,"1,20,000","90,000 kms",Diesel,Manual
Maruti Suzuki Alto K10 VXi AT,Maruti,2015,"2,65,000","12,000 kms",Petrol,Automatic
Maruti Suzuki SX4,Maruti,2012,"2,65,000","46,000 kms",Diesel,Manual
Maruti Suzuki Zen LXi BS III,Maruti,2003,"85,000","69,900 kms",Petrol,Automatic
Mahindra Jeep CL550 MDI,Mahindra,2019,"3,79,000","0,000 kms",Diesel,Manual
Hyundai i10 Magna 1.2,Hyundai,2011,"1,75,000","45,000 kms",Petrol,Automatic
Maruti Suzuki Alto 800,Maruti,2015,"2,19,000","5,000 kms",Petrol,Manual
Maruti Suzuki Swift Dzire Tour LDi,Maruti,2016,"3,50,000","1,66,000 kms",Diesel,Automatic
Honda City ZX EXi,Honda,2008,"1,49,000","42,000 kms",Petrol,Manual
Mahindra Jeep CL550 MDI,Mahindra,2018,"3,85,000",588 kms,Diesel,Automatic
Mahindra Jeep MM 550 XDB,Mahindra,2006,"4,25,000",122 kms,Diesel,Manual
Chevrolet Beat Diesel,Chevrolet,2017,"1,50,000","62,000 kms",Diesel,Automatic
Honda City 1.5 S MT,Honda,2010,"2,25,000","70,000 kms",Petrol,Manual
Maruti Suzuki Swift Dzire car,Maruti,sale,"3,00,000",,,Automatic
Hyundai Verna 1.4 VTVT,Hyundai,2014,"3,75,000","36,000 kms",Petrol,Manual
Toyota Innova 2.5 E MS 7 STR BS IV,Toyota,2012,"7,70,000",0 kms,Diesel,Automatic
Maruti Suzuki Alto 800 Lxi,Maruti,2018,Ask For Price,"24,000 kms",Petrol,Manual
Maruti Suzuki Maruti 800 Std â€“ Befo,Maruti,1995,"30,000","55,000 kms",Petrol,Automatic
Toyota Etios,Toyota,2011,"2,75,000","36,000 kms",Diesel,Manual
Volkswagen Polo,Volkswagen,2015,"3,30,000","38,000 kms",Diesel,Automatic
Maruti Suzuki Swift,Maruti,2014,"3,35,000","55,000 kms",Diesel,Manual
Hyundai Elite i20 Asta 1.4 CRDI,Hyundai,2015,"4,50,000","20,000 kms",Diesel,Automatic
Maruti Suzuki Swift Dzire VXi 1.2 BS IV,Maruti,2012,"2,25,000","40,000 kms",Petrol,Manual
Maruti Suzuki Swift Dzire Tour (Gat,Maruti,ara),"3,00,000",,,Automatic
Maruti Suzuki Versa DX2 8 SEATER BSIII,Maruti,2004,"80,000","50,000 kms",Petrol,Manual
Tata Indigo LX TDI BS III,Tata,2016,"1,30,000","1,04,000 kms",Diesel,Automatic
Volkswagen Vento Konekt Diesel Highline,Volkswagen,2011,"2,45,000","65,000 kms",Diesel,Manual
Mercedes Benz C Class 200 CDI Classic,Mercedes,2002,"3,99,000","41,000 kms",Petrol,Automatic
Maruti Suzuki Ertiga VDi,Maruti,2013,"4,50,000","90,000 kms",Diesel,Manual
URJE,URJENT,SELL,"1,80,000",,,Automatic
Honda City,Honda,2000,"65,000","80,000 kms",Petrol,Manual
Hyundai Santro Xing GLS,Hyundai,2006,"75,000","46,000 kms",Petrol,Automatic
Maruti Suzuki Omni Limited Edition,Maruti,2001,"70,000","70,000 kms",Petrol,Manual
Hyundai Sonata Transform 2.4 GDi MT,Hyundai,2017,"1,90,000","36,469 kms",Diesel,Automatic
Hyundai Elite i20 Sportz 1.2,Hyundai,2018,"6,00,000","7,800 kms",Petrol,Manual
Volkswagen Vento Konekt Diesel Highline,Volkswagen,2011,"2,45,000","65,000 kms",Diesel,Automatic
Maruti Suzuki Alto 800 Lxi,Maruti,2017,"2,40,000","60,000 kms",Petrol,Manual
Maruti Suzuki Alto LXi BS III,Maruti,2011,"1,55,000","32,000 kms",Petrol,Automatic
Honda Jazz S MT,Honda,2009,"1,69,999","24,695 kms",Petrol,Manual
Hyundai Grand i10 Sportz 1.2 Kappa VTVT,Hyundai,2017,"4,50,000","15,141 kms",Petrol,Automatic
Maruti Suzuki Zen LXi BSII,Maruti,2001,"40,000","40,000 kms",Petrol,Manual
Mahindra Scorpio W Turbo 2.6DX 9 Seater,Mahindra,2012,"1,65,000","65,000 kms",Diesel,Automatic
Swift Dzire Tour 27 Dec 2016 Regis,Swift,tion,"3,70,000",,,Manual
Maruti Suzuki Alto K10 VXi,Maruti,2014,"2,70,000","22,000 kms",Petrol,Automatic
Hyundai Grand i10 Asta 1.2 Kappa VTVT,Hyundai,2016,"2,80,000","59,910 kms",Diesel,Manual
Mahindra XUV500 W8,Mahindra,2012,"5,60,000","1,00,000 kms",Diesel,Automatic
Hyundai Creta 1.6 SX Plus Petrol,Hyundai,2016,"9,50,000","25,000 kms",Petrol,Manual
Hyundai i20 Magna O 1.2,Hyundai,2013,"3,10,000","35,000 kms",Petrol,Automatic
Renault Duster 85 PS RxL Explore LE,Renault,2015,"7,15,000","65,000 kms",Diesel,Manual
Hyundai Grand i10 Sportz 1.2 Kappa VTVT,Hyundai,2014,"3,40,000","35,000 kms",Petrol,Automatic
Honda Brio V MT,Honda,2012,"2,35,000","33,000 kms",Petrol,Manual
Mahindra TUV300 T4 Plus,Mahindra,2017,"6,10,000","68,000 kms",Diesel,Automatic
Chevrolet Spark LS 1.0,Chevrolet,2010,"95,000","23,000 kms",Petrol,Manual
Mahindra TUV300 T8,Mahindra,2018,"10,00,000","4,500 kms",Diesel,Automatic
Maruti Suzuki Swift Dzire Tour LDi,Maruti,2015,"2,20,000","1,29,000 kms",Diesel,Manual
Nissan X Trail Select Variant,Nissan,2019,"12,00,000",300 kms,Diesel,Automatic
Maruti Suzuki Alto 800 Vxi,Maruti,2015,"2,30,000","5,000 kms",Petrol,Manual
Ford Ikon 1.3 CLXi NXt Finesse,Ford,2001,"45,000","65,000 kms",Petrol,Automatic
Toyota Fortuner 3.0 4x4 MT,Toyota,2010,"9,40,000","1,31,000 kms",Diesel,Manual
Tata Manza ELAN Quadrajet,Tata,2010,"1,55,555","1,11,111 kms",Petrol,Automatic
Tata zest x,Tata,odel,"3,20,000",,,Manual
Mahindra xyl,Mahindra,2 bs,"3,50,000",,,Automatic
Mercedes Benz A Class A 180 Sport Petrol,Mercedes,2013,"15,00,000","14,000 kms",Petrol,Manual
Chevrolet Beat LS Diesel,Chevrolet,2016,"2,10,000","22,000 kms",Diesel,Automatic
Ford EcoSport Trend 1.5L TDCi,Ford,2013,"4,95,000","38,000 kms",Diesel,Manual
Tata Indigo LS,Tata,2016,"1,25,000","70,000 kms",Diesel,Automatic
Hyundai i20 Magna 1.2,Hyundai,2010,"1,95,000","36,000 kms",Petrol,Manual
Volkswagen Vento Highline Plus 1.5 Diesel AT,Volkswagen,2015,"5,50,000","34,000 kms",Diesel,Automatic
Renault Kwid RXT,Renault,2015,"2,70,000","43,000 kms",Petrol,Manual
Used Commercial Maruti Omn,Used,arry,"1,50,000",,,Automatic
Ford EcoSport Titanium 1.5L TDCi,Ford,2014,"5,00,000","40,000 kms",Diesel,Manual
Honda Amaze 1.5 E i DTEC,Honda,2016,"2,40,000","1,60,000 kms",Diesel,Automatic
Hyundai Verna 1.6 EX VTVT,Hyundai,2017,"8,00,000","12,000 kms",Petrol,Manual
BMW 5 Series 520d Sedan,BMW,2011,"12,99,000","49,000 kms",Diesel,Automatic
Skoda Superb 1.8 TFSI AT,Skoda,2011,"5,30,000","68,000 kms",Petrol,Manual
Audi Q3 2.0 TDI quattro Premium,Audi,2013,"14,99,000","37,000 kms",Diesel,Automatic
Mahindra Bolero DI BSII,Mahindra,2012,"2,20,000","59,466 kms",Diesel,Manual
Maruti Suzuki Zen Estilo LXI Green CNG,Maruti,2011,Ask For Price,"16,000 kms",Petrol,Automatic
Mahindra Scorpio S10,Mahindra,2015,"9,00,000","97,200 kms",Diesel,Manual
Ford Figo Duratorq Diesel Titanium 1.4,Ford,2012,"2,50,000","99,000 kms",Diesel,Automatic
Maruti Suzuki Wagon R VXI BS IV,Maruti,2018,"3,95,000","25,500 kms",Petrol,Manual
Mahindra Logan Diesel 1.5 DLS,Mahindra,2009,"1,30,000","66,000 kms",Petrol,Automatic
Tata Nano GenX XMA,Tata,2010,"32,000","44,005 kms",Petrol,Manual
Mahindra TUV300 T4 Plus,Mahindra,2016,"5,40,000","35,000 kms",Diesel,Automatic
Mahindra TUV300 T4 Plus,Mahindra,2016,"5,40,000","35,000 kms",Diesel,Manual
Hyundai Elite i20 Magna 1.2,Hyundai,2015,"4,05,000","28,000 kms",Petrol,Automatic
Hyundai Elite i20 Magna 1.2,Hyundai,2015,"4,00,000","30,000 kms",Petrol,Manual
Honda City SV,Honda,2017,"7,60,000","4,000 kms",Petrol,Automatic
Maruti Suzuki Baleno Delta 1.2,Maruti,2016,"5,00,000","28,000 kms",Petrol,Manual
Ford Figo Petrol LXI,Ford,2011,"1,75,000","75,000 kms",Petrol,Automatic
Mahindra Scorpio S10,Mahindra,2015,"9,00,000","97,200 kms",Diesel,Manual
Honda City,Honda,2017,"7,50,000","3,000 kms",Petrol,Automatic
Hyundai Elite i20 Magna 1.2,Hyundai,2015,"4,19,000","20,000 kms",Petrol,Manual
Maruti Suzuki Versa DX2 8 SEATER BSIII,Maruti,2004,"90,000","50,000 kms",Petrol,Automatic
Hyundai Eon Era Plus,Hyundai,2018,"1,40,000","2,110 kms",Petrol,Manual
Mitsubishi Pajero Sport Limited Edition,Mitsubishi,2015,"15,40,000","43,222 kms",Petrol,Automatic
Hyundai i10 Magna 1.2 Kappa2,Hyundai,2008,"2,75,000","1,00,200 kms",Petrol,Manual
Toyota Corolla H2,Toyota,2003,"1,50,000","1,00,000 kms",Petrol,Automatic
Maruti Suzuki Swift Dzire Tour VXi,Maruti,2011,"2,30,000",65 kms,Petrol,Manual
Tata Indigo CS eLS BS IV,Tata,2015,"1,23,000","1,00,000 kms",Diesel,Automatic
Mahindra Scorpio S10,Mahindra,2015,"9,00,000","97,200 kms",Diesel,Manual
Mahindra Scorpio S10,Mahindra,2015,"9,00,000","97,200 kms",Diesel,Automatic
Hyundai Xcent Base 1.1 CRDi,Hyundai,2016,"3,00,000","1,40,000 kms",Diesel,Manual
Honda City,Honda,2015,"4,99,999","55,000 kms",Petrol,Automatic
Hyundai Accent Executive Edition,Hyundai,2009,"1,65,000","48,000 kms",Petrol,Manual
Maruti Suzuki Baleno Delta 1.2,Maruti,2016,"4,98,000","22,000 kms",Petrol,Automatic
Tata Zest XE 75 PS Diesel,Tata,2018,"4,80,000","1,03,553 kms",Diesel,Manual
Maruti Suzuki Dzire LDI,Maruti,2017,"4,88,000","80,000 kms",Diesel,Automatic
Tata Sumo Gold LX BS IV,Tata,2014,"2,50,000","99,000 kms",Diesel,Manual
Toyota Corolla Altis GL Petrol,Toyota,2010,"2,20,000","58,000 kms",Petrol,Automatic
Maruti Suzuki Eeco 7 STR,Maruti,2013,"2,90,000","70,000 kms",LPG,Manual
Toyota Fortuner 3.0 4x2 MT,Toyota,2015,"15,25,000","1,20,000 kms",Diesel,Automatic
Mahindra XUV500 W6,Mahindra,2013,"5,48,900","49,800 kms",Diesel,Manual
Tata Tigor Revotron XZ,Tata,2019,"6,50,000",100 kms,Diesel,Automatic
Maruti Suzuki 800,Maruti,2001,"55,000","81,876 kms",Petrol,Manual
Maruti Suzuki Ertiga Vxi,Maruti,2015,"5,50,000","75,000 kms",Petrol,Automatic
Maruti Suzuki Versa DX2 8 SEATER BSIII,Maruti,2004,"90,000","50,000 kms",Petrol,Manual
Honda Mobilio S i DTEC,Honda,2014,"3,99,000","44,000 kms",Diesel,Automatic
Maruti Suzuki Ertiga,Maruti,2016,"7,30,000","55,000 kms",Diesel,Manual
Maruti Suzuki Vitara Brezza,Maruti,2017,"7,25,000","36,000 kms",Diesel,Automatic
Hyundai Verna 1.6 CRDI E,Hyundai,2016,"1,95,000","56,000 kms",Diesel,Manual
Maruti Suzuki Swift VXI BSIII,Maruti,2007,"1,30,000","62,000 kms",Petrol,Automatic
Toyota Fortuner 3.0 4x2 MT,Toyota,2015,"15,25,000","1,20,000 kms",Diesel,Manual
Maruti Suzuki Omni Select Variant,Maruti,2014,"1,90,000","6,020 kms",Petrol,Automatic
Honda Amaze,Honda,2013,"2,50,000","55,700 kms",Diesel,Manual
Tata Indica,Tata,2005,"80,000","42,000 kms",Petrol,Automatic
Hyundai Santro Xing,Hyundai,2003,"1,20,000","50,000 kms",Petrol,Manual
Maruti Suzuki Zen Estilo,Maruti,2010,"1,49,000","35,000 kms",Petrol,Automatic
Maruti Suzuki Wagon R LXI BS IV,Maruti,2014,"2,50,000","18,500 kms",Petrol,Manual
Maruti Suzuki Wagon R,Maruti,2007,"1,20,000","7,000 kms",Petrol,Automatic
Honda Brio VX AT,Honda,2017,"4,50,000","11,000 kms",Petrol,Manual
Hyundai Xcent Base 1.1 CRDi,Hyundai,2015,Ask For Price,"1,80,000 kms",Diesel,Automatic
Maruti Suzuki Zen LXi BSII,Maruti,2003,"99,999","53,000 kms",Petrol,Manual
Maruti Suzuki Zen Estilo LXI Green CNG,Maruti,2008,"1,35,000","23,000 kms",Petrol,Automatic
Maruti Suzuki Wagon R Select Variant,Maruti,2016,"2,25,000","35,500 kms",Diesel,Manual
Maruti Suzuki Alto LXi BS III,Maruti,2010,"99,000","22,134 kms",Petrol,Automatic
Renault Kwid RXT,Renault,2019,"3,70,000","1,000 kms",Petrol,Manual
Tata Nano Lx BSIV,Tata,2010,"52,000","9,000 kms",Petrol,Automatic
Jaguar XE XE Portfolio,Jaguar,2016,"28,00,000","8,500 kms",Petrol,Manual
Hyundai Xcent S 1.2,Hyundai,2015,Ask For Price,"35,000 kms",Petrol,Automatic
Hyundai Eon Magna Plus,Hyundai,2014,"1,90,000","35,000 kms",Petrol,Manual
Honda City 1.5 S MT,Honda,2014,"4,99,000","22,000 kms",Petrol,Automatic
Hindustan Motors Ambassador,Hindustan,2002,"90,000","25,000 kms",Diesel,Manual
Maruti Suzuki Ritz GENUS VXI,Maruti,2010,"1,49,000","40,000 kms",Petrol,Automatic
Hyundai Grand i10 Magna AT 1.2 Kappa VTVT,Hyundai,2017,"4,00,000","20,000 kms",Petrol,Manual
Hyundai Eon D Lite Plus,Hyundai,2016,"1,20,000","87,000 kms",Petrol,Automatic
Maruti Suzuki Swift Dzire VXi 1.2 BS IV,Maruti,2015,"2,50,000","55,000 kms",Petrol,Manual
Maruti Suzuki Wagon R VXI BS IV,Maruti,2017,"3,75,000","23,000 kms",Petrol,Automatic
Honda Amaze 1.2 VX i VTEC,Honda,2014,"3,81,000","6,000 kms",Petrol,Manual
Maruti Suzuki Estilo VXi ABS BS IV,Maruti,2013,"1,80,000","65,000 kms",Petrol,Automatic
Maruti Suzuki Vitara Brezza LDi O,Maruti,2016,"5,80,000","25,000 kms",Diesel,Manual
Maruti Suzuki Eeco 5 STR WITH AC HTR,Maruti,2015,"2,78,000","39,000 kms",Petrol,Automatic
Toyota Innova 2.0 V,Toyota,2009,Ask For Price,"15,574 kms",Diesel,Manual
Hyundai Creta 1.6 SX Plus Petrol AT,Hyundai,2016,"10,00,000","8,000 kms",Petrol,Automatic
Mahindra Scorpio Vlx BSIV,Mahindra,2013,"6,90,000","75,000 kms",Diesel,Manual
Maruti Suzuki Ertiga VDi,Maruti,2012,"4,80,000","51,000 kms",Diesel,Automatic
Mitsubishi Lancer 1.8 LXi,Mitsubishi,2006,"85,000","50,000 kms",Petrol,Manual
Maruti Suzuki Maruti 800 AC,Maruti,2001,"40,000","75,000 kms",Petrol,Automatic
Maruti Suzuki Alto 800 LXI CNG O,Maruti,2015,"90,000","55,800 kms",Petrol,Manual
Hyundai Grand i10 Magna 1.2 Kappa VTVT,Hyundai,2015,"3,40,000","53,000 kms",Petrol,Automatic
Hyundai Eon D Lite Plus,Hyundai,2018,"2,60,000","25,000 kms",Petrol,Manual
Ford Fiesta SXi 1.6 ABS,Ford,2009,"2,50,000","56,400 kms",Petrol,Automatic
Maruti Suzuki Ritz VDi,Maruti,2010,"1,80,000","72,160 kms",Diesel,Manual
Hyundai Verna Fluidic New,Hyundai,2012,"3,50,000","10,000 kms",Diesel,Automatic
Maruti Suzuki Wagon R LXi BS III,Maruti,2006,"90,001","48,000 kms",Petrol,Manual
Maruti Suzuki Estilo LX BS IV,Maruti,2007,"1,15,000","36,000 kms",Petrol,Automatic
Audi A6 2.0 TDI Premium,Audi,2012,"15,99,000","11,500 kms",Diesel,Manual
Maruti Suzuki Wagon R LXi BS III,Maruti,2003,"1,30,000","1,33,000 kms",Petrol,Automatic
Maruti Suzuki Wagon R,Maruti,2009,"1,59,000","27,000 kms",Petrol,Manual
Maruti Suzuki Wagon R,Maruti,2009,"1,60,000","35,000 kms",Petrol,Automatic
Maruti Suzuki Alto,Maruti,2010,"1,10,000","55,000 kms",Petrol,Manual
Maruti Suzuki Baleno Sigma 1.2,Maruti,2016,"4,25,000","40,000 kms",Petrol,Automatic
Hyundai Verna 1.6 SX VTVT AT,Hyundai,2019,"9,00,000","2,000 kms",Petrol,Manual
Maruti Suzuki Swift GLAM,Maruti,2009,"1,50,000","45,000 kms",Petrol,Automatic
Hyundai Getz Prime 1.3 GVS,Hyundai,2009,"1,10,000","20,000 kms",Petrol,Manual
Hyundai Santro,Hyundai,2000,"51,999","88,000 kms",Petrol,Automatic
Hyundai Getz Prime 1.3 GLX,Hyundai,2009,"1,15,000","20,000 kms",Petrol,Manual
Chevrolet Beat PS Diesel,Chevrolet,2012,"2,15,000","65,422 kms",Diesel,Automatic
Ford EcoSport Trend 1.5 Ti VCT,Ford,2017,"5,80,000","10,000 kms",Petrol,Manual
Maruti Suzuki Dzire ZXI,Maruti,2013,"3,80,000","35,000 kms",Petrol,Automatic
Hyundai Fluidic Verna 1.6 CRDi SX,Hyundai,2013,"3,50,000","1,17,000 kms",Diesel,Manual
Tata Indica V2 DLG,Tata,2005,"35,000","1,50,000 kms",Diesel,Automatic
BMW X1 xDrive20d xLine,BMW,2011,"11,50,000","72,000 kms",Diesel,Manual
Hyundai i20 Asta 1.2,Hyundai,2010,"3,00,000","10,750 kms",Petrol,Automatic
Honda City 1.5 V AT,Honda,2009,"2,69,000","55,000 kms",Petrol,Manual
Tata Nano,Tata,2013,"60,000","6,800 kms",Petrol,Automatic
Chevrolet Cruze LTZ AT,Chevrolet,2014,"4,00,000","41,000 kms",Diesel,Manual
Hyundai Verna Fluidic New,Hyundai,2015,"4,30,000","73,000 kms",Diesel,Automatic
Hyun,Hyundai,Eon,Ask For Price,,,Manual
Maruti Suzuki Swift Dzire VDi,Maruti,2011,"1,40,000","65,000 kms",Diesel,Automatic
Mahindra XUV500 W6,Mahindra,2014,"85,00,003","45,000 kms",Diesel,Manual
Mahindra XUV500 W10,Mahindra,2018,"12,99,000","40,000 kms",Diesel,Automatic
Maruti Suzuki Alto K10 LXi CNG,Maruti,2014,"1,99,000","37,000 kms",Petrol,Manual
Hyundai Accent GLE,Hyundai,2006,"90,000","55,000 kms",Petrol,Automatic
Force Motors One SUV,Force,2013,"5,50,000","1,40,000 kms",Diesel,Manual
Datsun Go Plus T O,Datsun,2016,Ask For Price,5 kms,Petrol,Automatic
Maruti Suzuki Alto,Maruti,2019,"2,65,000","9,800 kms",Petrol,Manual
Chevrolet Spark 1.0 LT,Chevrolet,2011,"1,00,000","27,000 kms",Petrol,Automatic
Hyundai i10,Hyundai,2009,"2,15,000","27,000 kms",Petrol,Manual
Toyota Etios Liva GD,Toyota,2012,"3,80,000","20,000 kms",Diesel,Automatic
Renault Duster 85PS Diesel RxL Optional with Nav,Renault,2013,"4,01,919","57,923 kms",Diesel,Manual
Chevrolet Enjoy,Chevrolet,2014,"4,90,000","30,201 kms",Diesel,Automatic
Maruti Suzuki Alto 800 Lxi,Maruti,2017,"2,80,000","6,200 kms",Petrol,Manual
BMW 5 Series 530i,BMW,2009,"6,50,000","37,518 kms",Petrol,Automatic
Toyota Etios Liva G,Toyota,2014,"1,60,000","24,652 kms",Petrol,Manual
Mahindra Jeep MM 550 XDB,Mahindra,2004,"4,24,000",383 kms,Diesel,Automatic
Chevrolet Beat LS Diesel,Chevrolet,2016,"2,25,000","95,000 kms",Diesel,Manual
Chevrolet Cruze LTZ,Chevrolet,2011,"3,50,000","35,000 kms",Diesel,Automatic
Jeep Wrangler Unlimited 4x4 Diesel,Jeep,2015,"9,50,000","3,528 kms",Diesel,Manual
Maruti Suzuki Ertiga VDi,Maruti,2013,"4,85,000","52,500 kms",Diesel,Automatic
Hyundai Verna VGT CRDi SX ABS,Hyundai,2010,"2,05,000","47,900 kms",Diesel,Manual
Maruti Suzuki Omni,Maruti,2012,"1,60,000","14,000 kms",Petrol,Automatic
Maruti Suzuki Celerio VDi,Maruti,2018,"3,10,000","37,000 kms",Petrol,Manual
Tata Zest Quadrajet 1.3,Tata,2017,"1,80,000","90,000 kms",Diesel,Automatic
Mahindra XUV500 W6,Mahindra,2013,"5,49,900","52,800 kms",Diesel,Manual
Tata Indigo CS eLX BS IV,Tata,2016,"1,50,000","1,04,000 kms",Diesel,Automatic
Hyundai i10 Era,Hyundai,2011,"1,75,000","30,000 kms",Petrol,Manual
Tata Indigo eCS LX TDI BS III,Tata,2014,"95,000","1,95,000 kms",Diesel,Automatic
Tata Indigo LX TDI BS III,Tata,2016,"2,30,000","1,04,000 kms",Diesel,Manual
Tata Indigo eCS LX CR4 BS IV,Tata,2016,"2,30,000","1,04,000 kms",Diesel,Automatic
Tata Indigo Marina LS,Tata,2004,"1,80,000","70,000 kms",Diesel,Manual
Commercial Chevrolet Sail Hatchback ca,Commercial,o...,"2,25,000",,,Automatic
Hyundai Xcent SX 1.2,Hyundai,2015,"4,00,000","43,000 kms",Diesel,Manual
Hyundai Eon Magna Plus,Hyundai,2013,"1,85,000","23,000 kms",Petrol,Automatic
Renault Duster 85 PS RxL Diesel,Renault,2015,"3,85,000","51,000 kms",Diesel,Manual
Maruti Suzuki Alto K10 LXi CNG,Maruti,2009,"90,000","62,000 kms",Petrol,Automatic
Tata Nano LX Special Edition,Tata,2010,"32,000","48,008 kms",Petrol,Manual
Commercial Car Ta,Commercial,Zest,"3,71,500",,,Automatic
Renault Duster 110 PS RxZ Diesel,Renault,2013,"4,35,000","39,000 kms",Diesel,Manual
Maruti Suzuki Wagon R AX BSIV,Maruti,2010,"2,25,000","40,000 kms",Petrol,Automatic
Maruti Suzuki Swift,Maruti,2006,"1,89,700","48,247 kms",Petrol,Manual
Maruti Suzuki Ertiga,Maruti,2012,"3,89,700","39,000 kms",Diesel,Automatic
Maruti Suzuki Swift VXi 1.2 ABS BS IV,Maruti,2014,"3,65,000","23,000 kms",Petrol,Manual
Maruti Suzuki Alto K10 New,Maruti,2017,"3,60,000","9,400 kms",Petrol,Automatic
Hyundai i20 Magna,Hyundai,2010,"2,10,000","50,000 kms",Petrol,Manual
Hyundai i10 Magna 1.2,Hyundai,2009,"1,70,000","75,000 kms",Petrol,Automatic
tata Indica,tata,sale,"1,30,000",,,Manual
Tata Zest XE 75 PS Diesel,Tata,2017,"3,80,000","70,000 kms",Diesel,Automatic
Mahindra Xylo E8,Mahindra,2009,"2,95,000","64,000 kms",Diesel,Manual
Toyota Corolla Altis GL Petrol,Toyota,2010,"1,85,000","55,000 kms",Petrol,Automatic
Tata Manza Aqua Quadrajet,Tata,2014,"1,60,000","2,00,000 kms",Diesel,Manual
Mahindra KUV100 K8 D 6 STR,Mahindra,2018,Ask For Price,"7,500 kms",Diesel,Automatic
Used bt new conditions ta,Used,Zest,"2,55,000",,,Manual
Renault Kwid 1.0,Renault,2018,"2,90,000","2,137 kms",Petrol,Automatic
Sale tata,Sale,ture,"1,00,000",,,Manual
Tata Venture EX 8 STR,Tata,2013,"1,00,000","30,000 kms",Diesel,Automatic
Maruti Suzuki Swift Dzire Tour LXi,Maruti,2014,"3,15,000","44,000 kms",Petrol,Manual
Maruti Suzuki Alto LX BSII,Maruti,2002,Ask For Price,"56,000 kms",Petrol,Automatic
Skoda Octavia Classic 1.9 TDI MT,Skoda,2006,"1,14,990","65,000 kms",Diesel,Manual
Maruti Suzuki Omni LPG BS IV,Maruti,2012,"1,20,000","1,60,000 kms",LPG,Automatic
Chevrolet Beat Diesel,Chevrolet,2011,"1,25,000","56,000 kms",Diesel,Manual
Tata Sumo Gold EX BS IV,Tata,2012,"2,10,000","75,000 kms",Diesel,Automatic
Tata indigo 2017 top model..,Tata,emi,"1,70,000",,,Manual
Hyundai Verna 1.6 CRDI SX,Hyundai,2018,"8,55,000","42,000 kms",Diesel,Automatic
Tata Sumo Gold EX BS IV,Tata,2012,"2,10,000","75,000 kms",Diesel,Manual
Mahindra Scorpio 2.6 CRDe,Mahindra,2007,"2,60,000","56,000 kms",Diesel,Automatic
Maruti Suzuki Zen LXi BS III,Maruti,2002,"95,000","10,544 kms",Petrol,Manual
Maruti Suzuki Swift Dzire VXi 1.2 BS IV,Maruti,2011,"2,55,000","64,000 kms",Petrol,Automatic
Mahindra Scorpio SLX 2.6 Turbo 8 Str,Mahindra,2008,"3,00,000","70,000 kms",Diesel,Manual
Hyundai Grand i10 Sportz 1.2 Kappa VTVT,Hyundai,2014,"3,40,000","25,000 kms",Petrol,Automatic
Hyundai Elite i20 Sportz 1.2,Hyundai,2017,"5,50,000","15,000 kms",Petrol,Manual
Ford Ikon 1.6 Nxt,Ford,2003,"60,000","50,000 kms",Petrol,Automatic
Hyundai Elite i20 Sportz 1.2,Hyundai,2015,Ask For Price,"49,500 kms",Petrol,Manual
Tata indigo,Tata,car,"1,50,000",,,Automatic
Toyota Innova 2.5 V 7 STR,Toyota,2011,"7,50,000","1,47,000 kms",Diesel,Manual
Nissan Sunny XL,Nissan,2011,"2,30,000","52,000 kms",Petrol,Automatic
Chevrolet Beat LT Diesel,Chevrolet,2012,"1,30,000","90,001 kms",Diesel,Manual
Maruti Suzuki Alto 800 Lxi,Maruti,2017,"2,70,000","21,000 kms",Petrol,Automatic
Maruti Suzuki Swift VDi BS IV,Maruti,2012,"2,80,000","48,006 kms",Diesel,Manual
Maruti Suzuki Swift VDi BS IV,Maruti,2012,"2,80,000","48,006 kms",Diesel,Automatic
Maruti Suzuki Swift,Maruti,2012,"2,80,000","48,006 kms",Diesel,Manual
very good condition tata bolts are av,very,able,"2,00,000",,,Automatic
Toyota Innova 2.0 G4,Toyota,2012,"6,00,000","80,000 kms",Diesel,Manual
Sale Hyundai xcent commerc,Sale,no.,Ask For Price,,,Automatic
Maruti Suzuki Swift VDi ABS,Maruti,2010,"1,90,000","74,000 kms",Diesel,Manual
Hyundai Elite i20 Asta 1.2,Hyundai,2015,"5,00,000","22,000 kms",Petrol,Automatic
Mahindra XUV500 W10,Mahindra,2016,"10,65,000","41,000 kms",Diesel,Manual
Volkswagen Polo Trendline 1.5L D,Volkswagen,2015,"3,50,000","25,000 kms",Diesel,Automatic
Toyota Etios Liva Diesel,Toyota,2012,"3,50,000","85,000 kms",Diesel,Manual
Mahindra TUV300 T4 Plus,Mahindra,2016,"5,40,000","29,500 kms",Diesel,Automatic
Hyundai Elite i20 Asta 1.2,Hyundai,2015,"4,70,000","30,000 kms",Petrol,Manual
Hyundai Santro Xing GLS,Hyundai,2014,"1,79,000","57,000 kms",Petrol,Automatic
Maruti Suzuki Zen LXi BS III,Maruti,2003,"48,000","60,000 kms",Petrol,Manual
Maruti Suzuki Ciaz ZXi Plus RS,Maruti,2016,"6,50,000","50,000 kms",Petrol,Automatic
Hyundai Eon Era Plus,Hyundai,2013,"1,90,000","39,700 kms",Petrol,Manual
Hyundai Elantra 1.8 S,Hyundai,2012,"5,00,000","65,000 kms",Petrol,Automatic
Maruti Suzuki Swift VDi,Maruti,2010,"2,70,000","67,000 kms",Diesel,Manual
Maruti Suzuki Zen Estilo LXI Green CNG,Maruti,2008,"1,25,000","46,000 kms",Petrol,Automatic
Hyundai Eon Era Plus,Hyundai,2012,"1,88,000","38,000 kms",Petrol,Manual
Hyundai Grand i10 Magna 1.2 Kappa VTVT,Hyundai,2016,"3,80,000","27,000 kms",Petrol,Automatic
Hyundai Verna Fluidic New,Hyundai,2011,"3,65,000","43,000 kms",Diesel,Manual
Ford EcoSport Trend 1.5L Ti VCT,Ford,2014,"4,65,000","47,000 kms",Petrol,Automatic
Hyundai i20 Magna,Hyundai,2011,"2,40,000","42,000 kms",Petrol,Manual
Chevrolet Beat Diesel,Chevrolet,2016,"1,79,999","19,336 kms",Diesel,Automatic
Tata Indica eV2 LS,Tata,2015,"1,40,000","60,105 kms",Diesel,Manual
Jaguar XF 2.2 Diesel Luxury,Jaguar,2013,"21,90,000","29,000 kms",Diesel,Automatic
Audi Q5 2.0 TDI quattro Premium Plus,Audi,2014,"23,90,000","34,000 kms",Diesel,Manual
BMW 3 Series 320d Sedan,BMW,2011,"10,75,000","35,000 kms",Diesel,Automatic
Maruti Suzuki Swift ZXi 1.2 BS IV,Maruti,2015,"4,75,000","22,000 kms",Petrol,Manual
BMW X1 sDrive20d,BMW,2012,"10,25,000","41,000 kms",Diesel,Automatic
Maruti Suzuki S Cross Sigma 1.3,Maruti,2016,"6,15,000","21,000 kms",Diesel,Manual
Maruti Suzuki Ertiga LDi,Maruti,2013,"4,75,000","48,000 kms",Diesel,Automatic
Maruti Suzuki Alto K10 VXi AMT,Maruti,2016,"2,70,000","38,000 kms",Petrol,Manual
Honda City SV,Honda,2014,"4,75,000","34,000 kms",Diesel,Automatic
Volkswagen Vento Comfortline Petrol,Volkswagen,2011,"2,40,000","45,933 kms",Petrol,Manual
Honda City 1.5 EXi New,Honda,2005,"1,20,000","68,000 kms",Petrol,Automatic
Audi A4 2.0 TDI 177bhp Premium,Audi,2016,"19,00,000","44,000 kms",Diesel,Manual
Mahindra KUV100,Mahindra,2017,"3,60,000","35,000 kms",Diesel,Automatic
Tata Zest XE 75 PS Diesel,Tata,2018,"4,50,000","1,02,563 kms",Diesel,Manual
Mahindra XUV500 W8,Mahindra,2015,"9,00,000","28,600 kms",Diesel,Automatic
Maruti Suzuki Swift Dzire Tour VDi,Maruti,2017,"6,50,000","41,800 kms",Diesel,Manual
Tata Sumo Gold LX BS IV,Tata,2014,"2,75,000","1,16,000 kms",Diesel,Automatic
Maruti Suzuki Swift Dzire VXi 1.2 BS IV,Maruti,2009,"2,10,000","59,000 kms",Petrol,Manual
Mahindra Scorpio 2.6 SLX,Mahindra,2004,"1,75,000","58,000 kms",Diesel,Automatic
Maruti Suzuki Omni 8 STR BS III,Maruti,2009,"85,000","45,000 kms",Petrol,Manual
Mitsubishi Pajero Sport Limited Edition,Mitsubishi,2015,"14,90,000","42,590 kms",Diesel,Automatic
Renault Duster,Renault,2014,"8,00,000","7,400 kms",Diesel,Manual
Volkswagen Jetta Comfortline 1.9 TDI AT,Volkswagen,2009,"4,50,000","54,500 kms",Diesel,Automatic
Maruti Suzuki Ertiga Vxi,Maruti,2012,"10,00,000","2,00,000 kms",Diesel,Manual
Audi A4 2.0 TDI 177bhp Premium,Audi,2013,"15,10,000","27,000 kms",Diesel,Automatic
Volvo S80 Summum D4,Volvo,2015,"18,50,000","42,000 kms",Diesel,Manual
Toyota Corolla Altis VL AT Petrol,Toyota,2014,"7,90,000","29,000 kms",Petrol,Automatic
Mitsubishi Pajero Sport 2.5 AT,Mitsubishi,2015,"17,25,000","37,000 kms",Diesel,Manual
Chevrolet Beat LT Petrol,Chevrolet,2012,"1,35,000","36,000 kms",Petrol,Automatic
BMW X1,BMW,2011,"10,00,000","34,000 kms",Diesel,Manual
Datsun Redi GO S,Datsun,2018,"2,99,999","7,000 kms",Petrol,Automatic
Mercedes Benz C Class C 220 CDI Avantgarde,Mercedes,2009,"12,25,000","76,000 kms",Diesel,Manual
Mahindra Scorpio SLX,Mahindra,2004,"1,75,000","60,000 kms",Diesel,Automatic
Volkswagen Vento Comfortline Diesel,Volkswagen,2011,"2,00,000","95,000 kms",Diesel,Manual
Tata Indigo CS GLS,Tata,2017,"2,70,000","50,000 kms",Diesel,Automatic
Ford Figo Petrol Titanium,Ford,2019,"5,25,000",00 kms,Petrol,Manual
Honda City ZX GXi,Honda,2006,"1,80,000","50,000 kms",Petrol,Automatic
Maruti Suzuki Wagon R Duo Lxi,Maruti,2008,"1,40,000","68,000 kms",Petrol,Manual
Ford EcoSport Trend 1.5L TDCi,Ford,2014,"4,00,000","16,000 kms",Petrol,Automatic
Maruti Suzuki Swift Dzire VDi,Maruti,2016,"4,99,000","51,000 kms",Diesel,Manual
Maruti Suzuki Omni 8 STR BS III,Maruti,2009,"85,000","56,000 kms",Petrol,Automatic
Maruti Suzuki Zen LX BSII,Maruti,2004,"70,000","1,00,000 kms",Petrol,Manual
Renault Duster RxL Petrol,Renault,2015,"5,50,000","36,000 kms",Petrol,Automatic
Maruti Suzuki Swift VXi 1.2 BS IV,Maruti,2014,"3,70,000","11,523 kms",Petrol,Manual
Maruti Suzuki Baleno Zeta 1.2,Maruti,2018,"6,90,000","1,000 kms",Petrol,Automatic
Honda WR V S MT Petrol,Honda,2009,"2,50,000","60,000 kms",Petrol,Manual
Tata Indigo CS eLX BS IV,Tata,2016,"1,10,000","85,000 kms",Diesel,Automatic
Renault Duster 110 PS RxL Diesel,Renault,2013,"4,90,000","38,600 kms",Diesel,Manual
Mahindra Scorpio LX BS III,Mahindra,2009,"3,20,000","95,500 kms",Diesel,Automatic
Maruti Suzuki Zen LXi BS III,Maruti,2004,"68,000","56,000 kms",Petrol,Manual
Maruti Suzuki Wagon R LXi BS III,Maruti,2014,"1,30,000","37,458 kms",Petrol,Automatic
Maruti Suzuki SX4 Celebration Diesel,Maruti,2016,"9,70,000","85,960 kms",Diesel,Manual
Audi A3 Cabriolet 40 TFSI,Audi,2015,"31,00,000","12,516 kms",Petrol,Automatic
Hyundai Eon D Lite Plus,Hyundai,2018,"2,80,000","35,000 kms",Petrol,Manual
Maruti Suzuki Zen Estilo LXI Green CNG,Maruti,2009,"1,25,000",00 kms,Petrol,Automatic
Mahindra Scorpio SLX,Mahindra,2008,"2,85,000","80,000 kms",Diesel,Manual
I want to sell my commercial car due t,I,o...,"4,75,000",,,Automatic
Hyundai Santro AE GLS Audio,Hyundai,2011,"1,65,000","45,000 kms",Petrol,Manual
i want sale my car.no emi....uber atta,i,d...,"3,20,000",,,Automatic
Maruti Suzuki Swift Dzire Tour VDi,Maruti,2009,"2,50,000","51,000 kms",Diesel,Manual
Mahindra Scorpio S4,Mahindra,2015,"8,65,000","30,000 kms",Diesel,Automatic
Tata ZEST 6 month old,Tata,car,"3,70,000",,,Manual
Mahindra Xylo D2 BS IV,Mahindra,2011,"3,90,000","48,000 kms",Diesel,Automatic
Hyundai Santro,Hyundai,2003,"60,000","51,000 kms",Petrol,Manual
Chevrolet Beat LT Diesel,Chevrolet,2015,"2,15,000","90,000 kms",Diesel,Automatic
Maruti Suzuki Swift Dzire VDi,Maruti,2015,"4,75,000","43,000 kms",Diesel,Manual
Mahindra XUV500 W8,Mahindra,2015,"8,99,000","53,000 kms",Diesel,Automatic
Toyota Fortuner 3.0 4x4 MT,Toyota,2013,"14,99,000","97,000 kms",Diesel,Manual
Maruti Suzuki Alto K10 VXi,Maruti,2013,"2,40,000","20,000 kms",Petrol,Automatic
Hyundai Getz GLE,Hyundai,2007,"99,000","55,000 kms",Petrol,Manual
Maruti Suzuki Swift Dzire Tour LDi,Maruti,2014,"2,60,000","1,20,000 kms",Diesel,Automatic
Hyundai Creta 1.6 SX,Hyundai,2019,"12,00,000",0 kms,Petrol,Manual
Hyundai Santro Xing XL AT eRLX Euro III,Hyundai,2007,"1,15,000","46,000 kms",Petrol,Automatic
Hyundai Santro Xing XL eRLX Euro III,Hyundai,2009,"88,000","43,200 kms",Petrol,Manual
Mahindra Xylo D2 BS IV,Mahindra,2011,"3,90,000","56,000 kms",Diesel,Automatic
Hyundai Santro Xing XL eRLX Euro III,Hyundai,2007,"1,35,000","42,000 kms",Petrol,Manual
Tata Indica V2 DLS BS III,Tata,2009,"90,000","30,600 kms",Diesel,Automatic
Hyundai i10 Sportz 1.2,Hyundai,2011,"2,20,000","38,000 kms",Petrol,Manual
Hyundai Grand i10 Magna 1.2 Kappa VTVT,Hyundai,2017,"4,24,999","2,550 kms",Petrol,Automatic
Hyundai Santro Xing XL AT eRLX Euro III,Hyundai,2007,"1,35,000","47,000 kms",Petrol,Manual
Honda City 1.5 E MT,Honda,2005,"95,000","41,000 kms",Petrol,Automatic
Nissan Micra XL,Nissan,2017,"4,30,000","62,500 kms",Diesel,Manual
Honda City 1.5 S Inspire,Honda,2005,"1,15,000","68,000 kms",Petrol,Automatic
Maruti Suzuki Alto 800 Lxi,Maruti,2015,"2,15,000","50,000 kms",Petrol,Manual
Maruti Suzuki Wagon R LX BS III,Maruti,2004,"53,000","69,000 kms",Petrol,Automatic
Maruti Suzuki Ertiga VDi,Maruti,2012,"5,00,000","48,000 kms",Diesel,Manual
Tata Indica eV2 eXeta eGLX,Tata,2012,"85,000","55,000 kms",Diesel,Automatic
Maruti Suzuki Omni E 8 STR BS IV,Maruti,2013,"1,65,000","25,000 kms",Petrol,Manual
Hyundai Eon Era Plus,Hyundai,2014,"2,00,000","28,400 kms",Petrol,Automatic
Hyundai Eon,Hyundai,2014,"2,00,000","28,000 kms",Petrol,Manual
Maruti Suzuki Swift LDi,Maruti,2015,"4,25,000","42,000 kms",Diesel,Automatic
MARUTI SUZUKI ERTIGA F,MARUTI,SALE,"6,50,000",,,Manual
Hyundai Verna 1.6 CRDI SX Plus AT,Hyundai,2012,"6,00,000","29,000 kms",Diesel,Automatic
Chevrolet Tavera LS B3 10 Seats BSII,Chevrolet,2005,"1,30,000","68,485 kms",Diesel,Manual
Tata Tiago Revotron XM,Tata,2018,"4,30,000","3,500 kms",Petrol,Automatic
Tata Tiago Revotorq XZ,Tata,2019,"5,68,500",0 kms,Petrol,Manual
Tata Nexon,Tata,2019,Ask For Price,0 kms,Petrol,Automatic
Tata,Tata,digo,Ask For Price,,,Manual
Maruti Suzuki Zen LXi BS III,Maruti,2006,"71,000","32,000 kms",Petrol,Automatic
Mahindra KUV100 K8 D 6 STR,Mahindra,2018,"5,60,000","8,000 kms",Diesel,Manual
Ford EcoSport Titanium 1.5 TDCi,Ford,2014,"5,90,000","34,000 kms",Diesel,Automatic
Hindustan Motors Ambassador Classic Mark 4 â€“ Befo,Hindustan,1995,"7,50,000","37,000 kms",Petrol,Manual
Ford Fusion 1.4 TDCi Diesel,Ford,2007,"1,25,000","85,455 kms",Diesel,Automatic
Hyundai Santro Xing XL AT eRLX Euro III,Hyundai,2007,"1,35,000","46,000 kms",Petrol,Manual
Hyundai Santro,Hyundai,2002,"60,000","47,000 kms",Petrol,Automatic
Fiat Linea Emotion 1.4 L T Jet Petrol,Fiat,2009,"1,20,000","64,000 kms",Petrol,Manual
Ford Ikon 1.3 Flair Josh 100,Ford,2008,"95,000","46,000 kms",Petrol,Automatic
Maruti Suzuki Omni E 8 STR BS IV,Maruti,2017,"2,40,000","8,000 kms",Petrol,Manual
Tata Indica V2 LS,Tata,2012,"1,15,000","64,000 kms",Diesel,Automatic
Mahindra Scorpio S4,Mahindra,2015,"7,95,000","63,000 kms",Diesel,Manual
Hyundai Santro Xing XL eRLX Euro III,Hyundai,2007,"55,000","65,000 kms",Petrol,Automatic
Mahindra Xylo D2,Mahindra,2009,"3,00,000","62,000 kms",Diesel,Manual
Hyundai Grand i10 Asta 1.2 Kappa VTVT,Hyundai,2014,"3,20,000","41,000 kms",Petrol,Automatic
Maruti Suzuki Alto 800 Lxi,Maruti,2015,"2,65,000","14,000 kms",Petrol,Manual
Toyota Corolla,Toyota,2006,"1,60,000","40,000 kms",Petrol,Automatic
Hyundai Eon Magna,Hyundai,2017,"3,00,000","1,600 kms",Petrol,Manual
Tata Sumo Grande MKII GX,Tata,2010,"1,30,000","90,000 kms",Diesel,Automatic
Maruti Suzuki Swift VDi,Maruti,2011,"2,50,000","58,000 kms",Diesel,Manual
Volkswagen Polo Highline1.2L P,Volkswagen,2013,"3,80,000","27,000 kms",Petrol,Automatic
Maruti Suzuki Alto 800 Lx,Maruti,2003,"42,000","60,000 kms",Petrol,Manual
Tata Tiago Revotron XZ,Tata,2017,"4,00,000","31,000 kms",Petrol,Automatic
Maruti Suzuki Swift LDi,Maruti,2009,"1,20,000","90,000 kms",Diesel,Manual
Maruti Suzuki Swift VDi,Maruti,2009,"1,20,000","90,000 kms",Diesel,Automatic
Tata Indigo eCS,Tata,2016,"1,30,000","1,50,000 kms",Diesel,Manual
Chevrolet Beat LS Diesel,Chevrolet,2014,"1,89,000","31,000 kms",Diesel,Automatic
2012 Tata Sumo Gold f,2012,sell,"2,50,000",,,Manual
Mahindra Xylo E8 BS IV,Mahindra,2011,"3,65,000","43,000 kms",Diesel,Automatic
Hyundai Eon D Lite Plus,Hyundai,2013,"1,70,000","20,000 kms",Petrol,Manual
Well mentained Tata Sumo,Well,d Ex,"3,80,000",,,Automatic
all paper updated tata indica v2 and u,all,n...,"1,45,000",,,Manual
Maruti Ertiga showroom condition with,Maruti,e...,"4,80,000",,,Automatic
7 SEATER MAHINDRA BOLERO IN VERY GOOD,7,D...,Ask For Price,,,Manual
9 SEATER MAHINDRA BOL,9,", Ac",Ask For Price,,,Automatic
scratch less Tata I,scratch,go .,"1,40,000",,,Manual
Maruti Suzuki swift dzire for sale in,Maruti,d...,"3,60,000",,,Automatic
Commercial Chevrolet beat for sale in,Commercial,k...,"1,80,000",,,Manual
urgent sell my Mahindra qu,urgent,o c4,"3,50,000",,,Automatic
Tata Sumo Gold FX BSIII,Tata,2013,"2,15,000","1,00,000 kms",Petrol,Manual
sell my car Maruti Suzuki Swif,sell,zire,"3,00,000",,,Automatic
Maruti Suzuki Swift Dzire good car fo,Maruti,o...,"3,10,000",,,Manual
Hyunda,Hyundai,cent,Ask For Price,,,Automatic
Commercial Maruti Suzuki Alto Lxi 800,Commercial,...,Ask For Price,,,Manual
urgent sale Ta,urgent,Sumo,"2,20,000",,,Automatic
Maruti Suzuki Alto vxi t,Maruti,cab,"95,000",,,Manual
tata,tata,t xe,Ask For Price,,,Automatic
TATA INDI,TATA,EV2,"1,10,000",,,Manual
Tata Nano,Tata,2013,"60,000","7,000 kms",Petrol,Automatic
Hyundai Elite i20,Hyundai,2017,"5,99,999","31,000 kms",Petrol,Manual
Hyundai i10 Magna 1.2 Kappa2,Hyundai,2009,"4,00,000","33,000 kms",Petrol,Automatic
Hyundai Creta,Hyundai,2016,"9,00,000","60,000 kms",Diesel,Manual
Volkswagen Polo,Volkswagen,2013,"2,99,999","48,000 kms",Diesel,Automatic
Maruti Suzuki Dzire,Maruti,2014,"3,74,999","33,000 kms",Petrol,Manual
Tata Bolt XM Petrol,Tata,2015,"6,00,000","15,000 kms",Petrol,Automatic
Maruti Suzuki Alto 800 Lx,Maruti,2005,"70,000","47,000 kms",Petrol,Manual
Maruti Suzuki Alto,Maruti,2005,"1,00,000","40,000 kms",Petrol,Automatic
Hyundai Venue,Hyundai,2019,Ask For Price,"7,000 kms",Diesel,Manual
Maruti Suzuki Ritz,Maruti,2010,"1,50,000","38,000 kms",Diesel,Automatic
Maruti Suzuki Alto 800 Lxi,Maruti,2017,"2,25,000","12,500 kms",Petrol,Manual
Maruti Suzuki Dzire,Maruti,2009,"2,10,000","42,000 kms",Petrol,Automatic
Renault Lodgy,Renault,2016,Ask For Price,"20,000 kms",Diesel,Manual
Hyundai i20 Asta,Hyundai,2014,"4,25,000","31,000 kms",Petrol,Automatic
Maruti Suzuki Swift Select Variant,Maruti,2008,"1,62,000","60,000 kms",Diesel,Manual
Tata Indica V2 DLX BS III,Tata,2005,"60,000","80,000 kms",Diesel,Automatic
Mahindra Scorpio VLX 2.2 mHawk Airbag BSIV,Mahindra,2014,"6,50,000","77,000 kms",Diesel,Manual
Toyota Innova 2.5 E 8 STR,Toyota,2012,"7,50,000","75,000 kms",Diesel,Automatic
Mahindra Xylo E8,Mahindra,2010,"3,75,000","40,000 kms",Diesel,Manual
Hyundai i20 Magna 1.2,Hyundai,2011,"2,30,000","47,000 kms",Petrol,Automatic
Maruti Suzuki Omni,Maruti,2000,"35,999","60,000 kms",Petrol,Manual
Mahindra KUV100,Mahindra,2016,"3,80,000","26,500 kms",Petrol,Automatic
Mahindra KUV100 K8 6 STR,Mahindra,2019,"5,60,000","2,875 kms",Petrol,Manual
Datsun Go Plus,Datsun,2016,"2,85,000","13,900 kms",Petrol,Automatic
Ford Endeavor 4x4 Thunder Plus,Ford,2019,"29,00,000","9,000 kms",Diesel,Manual
Tata Indica V2,Tata,2005,"39,999","80,000 kms",Diesel,Automatic
Hyundai Santro Xing GL,Hyundai,2006,"85,000","60,000 kms",Petrol,Manual
Maruti Suzuki Wagon R 1.0 VXi,Maruti,2016,"3,95,000","20,000 kms",Petrol,Automatic
Maruti Suzuki Swift Select Variant,Maruti,2008,"1,75,000","58,000 kms",Diesel,Manual
Maruti Suzuki Alto 800 Lx,Maruti,2019,"4,00,000","1,500 kms",Petrol,Automatic
Toyota Innova 2.5 Z Diesel 7 Seater,Toyota,2011,"7,50,000","75,000 kms",Diesel,Manual
Any type car avaiabel hare...comercica,Any,r...,"1,70,000",,,Automatic
Maruti Suzuki Alto 800,Maruti,2016,"2,50,000","2,450 kms",Petrol,Manual
Maruti Suzuki Alto AX,Maruti,2019,"4,25,000","1,625 kms",Petrol,Automatic
Maruti Suzuki Alto 800 Lx,Maruti,2019,Ask For Price,"1,500 kms",Petrol,Manual
Volkswagen Polo Highline1.2L P,Volkswagen,2017,"5,25,000","45,000 kms",Petrol,Automatic
Mahindra Logan,Mahindra,2009,"1,30,000","65,000 kms",Diesel,Manual
Maruti Suzuki 800 Std BS III,Maruti,2000,"30,000","33,400 kms",Petrol,Automatic
Mahindra Scorpio,Mahindra,2011,"4,75,000","60,123 kms",Diesel,Manual
Chevrolet Sail 1.2 LS,Chevrolet,2013,"3,00,000","28,000 kms",Petrol,Automatic
Volkswagen Vento Highline Plus 1.5 Diesel,Volkswagen,2015,Ask For Price,"38,900 kms",Diesel,Manual
Hyundai Santro AE GLS Audio,Hyundai,2003,"60,000","70,000 kms",Petrol,Automatic
Maruti Suzuki Wagon R VXi Minor,Maruti,2006,"1,00,000","7,000 kms",Petrol,Manual
Hyundai Eon,Hyundai,2018,"2,60,000","25,000 kms",Petrol,Automatic
Tata Manza,Tata,2015,"1,00,000","1,00,000 kms",Diesel,Manual
Toyota Innova 2.0 G1 Petrol 8seater,Toyota,2019,Ask For Price,"4,000 kms",Petrol,Automatic
Toyota Etios G,Toyota,2013,"2,65,000","42,000 kms",Petrol,Manual
Hyundai Getz Prime 1.3 GLX,Hyundai,2009,"1,15,000","20,000 kms",Petrol,Automatic
Toyota Qualis,Toyota,2003,"1,80,000","1,00,000 kms",Diesel,Manual
Hyundai Santro Xing,Hyundai,2004,"45,000","1,37,495 kms",Petrol,Automatic
Tata Indica eV2 LS,Tata,2016,"50,500","91,200 kms",Diesel,Manual
Honda City 1.5 S MT,Honda,2009,"2,70,000","55,000 kms",Petrol,Automatic
Tata Zest XE 75 PS Diesel,Tata,2017,"2,90,000","1,20,000 kms",Diesel,Manual
Mahindra Quanto C4,Mahindra,2013,"3,25,000","63,000 kms",Diesel,Automatic
Tata Indigo eCS LX CR4 BS IV,Tata,2016,"1,60,000","1,04,000 kms",Diesel,Manual
Maruti Suzuki Swift Dzire,Maruti,2016,"3,50,000","1,46,000 kms",Diesel,Automatic
Hyundai Elite i20,Hyundai,2011,"2,90,000","40,000 kms",Petrol,Manual
Hyundai i20 Select Variant,Hyundai,2011,"2,90,000","40,000 kms",Petrol,Automatic
Chevrolet Tavera Neo,Chevrolet,2007,"4,65,000","1,00,800 kms",Diesel,Manual
Maruti Suzuki Dzire,Maruti,2016,"3,25,000","1,50,000 kms",Diesel,Automatic
Hyundai Elite i20,Hyundai,2018,"5,10,000","2,100 kms",Petrol,Manual
Honda City VX Petrol,Honda,2016,"8,60,000","95,000 kms",Petrol,Automatic
Maruti Suzuki Dzire,Maruti,2016,"4,50,000","2,500 kms",Diesel,Manual
Hyundai Getz,Hyundai,2006,"1,25,000","80,000 kms",Petrol,Automatic
Mercedes Benz C Class 200 K MT,Mercedes,2006,"5,00,001","15,000 kms",Petrol,Manual
Maruti Suzuki Alto LXi BS III,Maruti,2005,"95,000","65,000 kms",Petrol,Automatic
Maruti Suzuki Swift Dzire Tour VDi,Maruti,2009,"2,50,000","51,000 kms",Diesel,Manual
Skoda Fabia,Skoda,2009,"1,10,000","45,000 kms",Petrol,Automatic
Maruti Suzuki Alto 800 Select Variant,Maruti,2015,Ask For Price,"70,000 kms",Petrol,Manual
Maruti Suzuki Ritz VXI ABS,Maruti,2011,"2,70,000","50,000 kms",Petrol,Automatic
tata zest 2017 f,tata,sale,"4,50,000",,,Manual
Tata Indica V2 DLE BS III,Tata,2009,"1,10,000","30,000 kms",Diesel,Automatic
Toyota Corolla Altis,Toyota,2009,"3,00,000","1,32,000 kms",Petrol,Manual
Ta,Tara,zest,"3,10,000",,,Automatic
Tata Zest XM Diesel,Tata,2018,"2,60,000","27,000 kms",Diesel,Manual
Mahindra Quanto C8,Mahindra,2013,"3,90,000","40,000 kms",Diesel,Automatic
Honda Amaze 1.2 E i VTEC,Honda,2014,"1,80,000",Petrol,,Manual
Chevrolet Sail 1.2 LT ABS,Chevrolet,2014,"1,60,000",Petrol,,Automatic
Renault Kwid CLIMBER,Renault,2021,485000,"19,604",Petrol,Automatic
Maruti Baleno,Maruti,2016,637000,19980,Petrol,Automatic
Tata Nexon,Tata,2021,1004000,48192,Diesel,Automatic
Jeep Compass,Jeep,2017,1099000,30044,Diesel,Automatic
Hyundai Tuscon,Hyundai ,2018,1864000,11865,Diesel,Automatic
Hyundai New Santro,Hyundai ,2021,553000,3098,Petrol,Manual
Maruti Dzire ZXI Plus,Maruti,2021,795000,2274,Petrol,Manual
Maruti New Wagon-R LXI,Maruti,2021,584000,24191,CNG,Manual
Skoda Rapid,Skoda,2020,822000,47239,Petrol,Manual
Hyundai GRAND I10 NIOS SPORTZ,Hyundai ,2020,687000,33479,Petrol,Automatic
Hyundai AURA,Hyundai ,2020,757000,37554,CNG,Manual
Tata ALTROZ XZ,Tata,2020,730000,27970,Petrol,Manual
Skoda Rapid,Skoda,2020,980000,27997,Petrol,Automatic
Renault Kiger RXZ,Renault,2021,820000,19077,Petrol,Automatic
Maruti Ciaz,Maruti,2019,775000,39980,Petrol,Manual
Datsun Redi Go,Datsun,2019,397000,6380,Petrol,Automatic
Ford Ecosports,Ford,2019,984000,41273,Diesel,Manual
Mahindra XUV 3OO,Mahindra,2021,1169000,7239,Petrol,Manual
SKODA SLAVIA,Skoda,2022,1367000,3530,Petrol,Manual
KIA SELTOS,Kia,2019,1193000,20838,Petrol,Manual
Hyundai New Elantra,Hyundai ,2021,1579000,9088,Petrol,Manual
Skoda KUSHAQ,Skoda,2021,1575000,10098,Petrol,Manual
Volkswagen Vento,Volkswagen,2021,1238000,25578,Petrol,Automatic
Renault TRIBER,Renault,2019,682000,16157,Petrol,Manual
Mahindra MARAZZO,Mahindra,2020,1200000,22707,Diesel,Manual
Toyota Glanza,Toyota,2019,764000,25239,Petrol,Manual
 MG HECTOR PLUS,MG,2021,1817000,25192,Diesel,Manual
Honda WR-V,Honda,2019,790000,30502,Petrol,Manual
Ford FREESTYLE TITANIUM,Ford,2019,610000,39486,Petrol,Manual
Mahindra BOLERO NEO,Mahindra,2022,1137000,7235,Diesel,Manual
Nissan MAGNITE,Nissan,2022,1086000,2716,Petrol,Automatic
MG ASTOR SAVVY,MG,2022,1809000,3751,Petrol,Automatic
Ford New Figo,Ford,2019,596000,37736,Petrol,Manual
Hyundai ALCAZAR,Hyundai ,2022,2131000,9699,Petrol,Automatic
Maruti XL6,Maruti,2021,1072000,56623,Petrol,Automatic
Maruti Baleno,Maruti,2019,764000,17274,Petrol,Manual
Tata Harrier,Tata,2019,1483000,42666,Diesel,Manual
Volkswagen TAIGUN,Volkswagen,2021,1436000,8122,Petrol,Manual
Toyota YARIS,Toyota,2021,1163000,20699,Petrol,Manual
 Maruti S PRESSO,Maruti,2021,540000,25068,CNG,Manual
Maruti IGNIS,Maruti,2021,797000,15124,Petrol,Automatic
Renault Duster,Renault,2020,1063000,20704,Petrol,Manual
Honda Amaze,Honda,2019,601000,22176,Petrol,Manual
Hyundai Xcent,Hyundai ,2019,579000,42846,CNG,Manual
Volkswagen Polo,Volkswagen,2019,737000,85697,Diesel,Manual
 Tata PUNCH,Tata,2021,799000,23183,Petrol,Manual
 Maruti Celerio,Maruti,2019,487000,6452,Petrol,Manual
Toyota Etios Liva,Toyota,2019,533000,19659,Petrol,Manual
Mahindra XUV500,Mahindra,2019,1055000,36170,Diesel,Manual
Tata Safari,Tata,2022,2384000,6906,Diesel,Automatic
Land Rover Discovery,Land Rover,2019,4990000,32000,Diesel ,Automatic
Mercedes-Benz C-Class Prime C 200,Mercedes,2020,4175000,18000,Petrol,Automatic
Tata Nexon EV Prime XZ Plus LUX,Tata,2021,1525000,20000,Electric,Automatic
Tata Nexon EV Prime XZ Plus,Tata,2022,1499000,7900,Electric,Automatic
Tata Tigor EV XM,Tata,2019,695000,18500,Electric,Automatic
MG ZS EV Exclusive,MG,2021,2025000,16000,Electric,Automatic
Tata Tigor EV XZ Plus,Tata,2021,1085000,9000,Electric,Automatic
MG ZS EV Exclusive,MG,2021,2250000,30045,Electric,Automatic
Honda City VX CVT,Honda,2019,986000,26555,Petrol,Automatic
Volvo XC40,Volvo,2020,3975000,16500,Petrol,Automatic
Volkswagen Vento,Volkswagen,2021,1325000,18449,Petrol,Automatic
Skoda Kodiaq 2.0 TDI Laurin Klement,Skoda,2020,3299000,47000,Diesel ,Automatic
 Mahindra XUV700,Mahindra,2022,2425000,15000,Petrol,Automatic
Mahindra Scorpio S9,Mahindra,2020,1525000,36000,Diesel ,Manual
Audi Q2 Premium,Audi,2021,3899000,9700,Petrol,Automatic
Skoda Superb Laurin & klement,Skoda,2022,3850000,8700,Petrol,Automatic
Toyota Glanza,Toyota,2020,880000,353888,Petrol,Automatic
Mahindra KUV 100 NXT,Mahindra,2020,706000,14966,Petrol,Manual
 Mahindra Thar,Mahindra,2022,1799000,9089,Petrol,Automatic
 Ford Endeavour Titanium Plus,Ford,2019,3275000,44125,Diesel ,Automatic
Toyota Corolla Altis,Toyota,2019,1490000,16000,Petrol,Automatic
Toyota Innova Crysta,Toyota,2019,2195000,70000,Diesel ,Automatic
Volkswagen Ameo,Volkswagen,2019,666000,15000,Petrol,Manual
Volkswagen Taigun,Volkswagen,2022,1699000,9000,Petrol,Automatic
 Mahindra Thar,Mahindra,2021,1650000,2800,Petrol,Automatic
Renault KWID,Renault,2020,510000,5046,Petrol,Automatic
 Maruti Wagon R,Maruti,2021,643000,12746,CNG,Manual
Hyundai Santro Sportz,Hyundai,2019,502000,21648,Petrol,Automatic
Ford Ecosport,Ford,2020,920000,20000,Diesel ,Manual
Maruti Ertiga ZXI,Maruti,2019,1095000,15000,Petrol,Automatic
Tata New Safari,Tata,2021,2250000,26000,Diesel ,Automatic
Hyundai Venue,Hyundai,2020,875000,28000,Petrol,Manual
Hyundai Creta,Hyundai,2019,1225000,60000,Petrol,Automatic
Hyundai Aura,Hyundai,2020,757000,68000,CNG,Manual
Honda Accord Hybrid,Honda,2019,3300000,1600,Petrol,Automatic
Kia Carnival Limousine,Kia,2020,3490000,30000,Diesel ,Automatic
Toyota Urban cruiser,Toyota,2022,1096000,15000,Petrol,Automatic
Renault Triber,Renault,2021,750000,30000,Petrol,Manual
Skoda Octavia Style,Skoda,2022,2995000,2984,Petrol,Automatic
Toyota Yaris,Toyota,2021,1116000,8047,Petrol,Automatic
 MG Hector Sharp,MG,2019,1550000,35000,Petrol,Automatic
Maruti Ignis,Maruti,2019,650000,14000,Petrol,Manual
Maruti XL6,Maruti,2021,1288000,18280,Petrol,Automatic
Hyundai Creta,Hyundai,2021,1845000,8589,Petrol,Automatic
Volkswagen Tiguan 2.0,Volkswagen,2019,2575000,73081,Diesel ,Automatic
Kia Sonet,Kia,2021,1198000,14469,Diesel ,Manual
 Maruti Celerio,Maruti,2022,719000,6872,CNG,Manual
 Hyundai Xcent,Hyundai,2022,700000,50000,CNG,Manual
Maruti Alto 800,Maruti,2021,480000,21556,CNG,Manual
Tata Tiago,Tata,2022,837000,9354,CNG,Manual
