Car,Company,Year,Price,Kms Driven,Fuel Type,Transmission,No of Accident,Insurance
Hyundai Santro Xing,Hyundai,2007,80000,45000,Petrol,Manual,3,No
Mahindra Jeep CL550,Mahindra,2006,425000,40,Diesel,Automatic,4,Yes
Hyundai Grand i10,Hyundai,2014,325000,28000,Petrol,Automatic,0,Yes
Ford EcoSport Titanium,Ford,2014,575000,36000,Diesel,Manual,4,Yes
Ford Figo,Ford,2012,175000,41000,Diesel,Manual,1,Yes
Hyundai Eon,Hyundai,2013,190000,25000,Petrol,Automatic,0,Yes
Ford EcoSport Ambiente,Ford,2016,830000,24530,Diesel,Manual,3,Yes
Maruti Suzuki Alto,Maruti,2015,250000,60000,Petrol,Automatic,4,Yes
Skoda Fabia Classic,Skoda,2010,182000,60000,Petrol,Manual,4,No
Maruti Suzuki Stingray,Maruti,2015,315000,30000,Petrol,Automatic,0,Yes
Hyundai Elite i20,Hyundai,2014,415000,32000,Petrol,Manual,3,No
Mahindra Scorpio SLE,Mahindra,2015,320000,48660,Diesel,Automatic,1,Yes
Hyundai Santro Xing,Hyundai,2007,80000,45000,Petrol,Manual,4,Yes
Mahindra Jeep CL550,Mahindra,2006,425000,40,Diesel,Automatic,2,No
Audi A8,Audi,2017,1000000,4000,Petrol,Manual,0,No
Audi Q7,Audi,2014,500000,16934,Diesel,Automatic,4,Yes
Mahindra Scorpio S10,Mahindra,2016,350000,43000,Diesel,Manual,2,Yes
Maruti Suzuki Alto,Maruti,2014,160000,35550,Petrol,Automatic,0,Yes
Mahindra Scorpio S10,Mahindra,2016,350000,43000,Diesel,Manual,1,No
Mahindra Scorpio S10,Mahindra,2016,310000,39522,Diesel,Automatic,2,No
Maruti Suzuki Alto,Maruti,2015,75000,39000,Petrol,Manual,4,Yes
Hyundai i20 Sportz,Hyundai,2012,100000,55000,Petrol,Automatic,3,No
Hyundai i20 Sportz,Hyundai,2012,100000,55000,Petrol,Manual,0,No
Hyundai i20 Sportz,Hyundai,2012,100000,55000,Petrol,Automatic,0,No
Maruti Suzuki Alto,Maruti,2017,190000,72000,Petrol,Manual,4,Yes
Maruti Suzuki Vitara,Maruti,2016,290000,15975,Diesel,Automatic,3,No
Maruti Suzuki Alto,Maruti,2008,95000,70000,Petrol,Manual,2,No
Mahindra Bolero DI,Mahindra,2017,180000,23452,Diesel,Automatic,4,No
Maruti Suzuki Swift,Maruti,2014,385000,35522,Diesel,Manual,0,Yes
Mahindra Scorpio S10,Mahindra,2015,250000,48508,Diesel,Automatic,0,Yes
Maruti Suzuki Swift,Maruti,2017,180000,15487,Petrol,Manual,3,No
Maruti Suzuki Wagon,Maruti,2013,105000,39000,Petrol,Automatic,1,No
Maruti Suzuki Wagon,Maruti,2013,105000,39000,Petrol,Manual,4,Yes
Toyota Innova 2.0,Toyota,2012,650000,82000,Diesel,Automatic,1,Yes
Renault Lodgy 85,Renault,2018,689999,20000,Diesel,Manual,1,Yes
Skoda Yeti Ambition,Skoda,2012,448000,68000,Diesel,Automatic,2,No
Maruti Suzuki Baleno,Maruti,2017,549000,32000,Diesel,Manual,0,Yes
Renault Duster 110,Renault,2012,501000,38000,Diesel,Automatic,4,Yes
Renault Duster 85,Renault,2013,489999,27000,Diesel,Manual,2,No
Honda City 1.5,Honda,2011,280000,33000,Petrol,Automatic,2,No
Maruti Suzuki Alto,Maruti,2015,250000,60000,Petrol,Manual,1,No
Maruti Suzuki Dzire,Maruti,2013,349999,46000,Diesel,Automatic,0,Yes
Honda Amaze,Honda,2013,284999,46000,Diesel,Manual,3,Yes
Honda Amaze 1.5,Honda,2015,345000,36000,Diesel,Automatic,0,Yes
Honda City,Honda,2015,499999,55000,Petrol,Manual,1,No
Datsun Redi GO,Datsun,2017,235000,16000,Petrol,Automatic,4,Yes
Maruti Suzuki SX4,Maruti,2010,249999,36000,Petrol,Manual,1,Yes
Mitsubishi Pajero Sport,Mitsubishi,2015,1475000,47000,Diesel,Automatic,1,No
Mahindra Bolero DI,Mahindra,2017,180000,23452,Diesel,Manual,2,Yes
Maruti Suzuki Swift,Maruti,2014,385000,35522,Diesel,Automatic,0,Yes
Mahindra Scorpio S10,Mahindra,2015,250000,48508,Diesel,Manual,0,No
Maruti Suzuki Swift,Maruti,2017,180000,15487,Petrol,Automatic,2,No
Maruti Suzuki Wagon,Maruti,2013,105000,39000,Petrol,Manual,4,No
Maruti Suzuki Wagon,Maruti,2013,105000,39000,Petrol,Automatic,2,Yes
Mahindra Scorpio S10,Mahindra,2015,395000,35000,Diesel,Manual,4,No
Maruti Suzuki Swift,Maruti,2017,220000,30874,Petrol,Automatic,2,Yes
Honda City ZX,Honda,2017,170000,15000,Diesel,Manual,1,Yes
Maruti Suzuki Wagon,Maruti,2013,85000,29685,Petrol,Automatic,2,Yes
Ford Figo,Ford,2012,175000,41000,Diesel,Manual,2,Yes
Hyundai Eon,Hyundai,2013,190000,25000,Petrol,Automatic,1,Yes
Tata Indigo eCS,Tata,2017,200000,130000,Diesel,Manual,3,No
Ford EcoSport Ambiente,Ford,2016,830000,24530,Diesel,Automatic,1,Yes
Tata Indigo eCS,Tata,2017,200000,130000,Diesel,Manual,2,Yes
Mahindra Scorpio SLE,Mahindra,2012,570000,19000,Diesel,Automatic,4,Yes
Volkswagen Polo Highline,Volkswagen,2014,315000,60000,Petrol,Manual,3,Yes
Skoda Fabia Classic,Skoda,2010,182000,60000,Petrol,Automatic,2,No
Maruti Suzuki Stingray,Maruti,2015,315000,30000,Petrol,Manual,2,No
Chevrolet Spark LS,Chevrolet,2010,110000,41000,Petrol,Manual,4,No
Renault Duster 110PS,Renault,2012,501000,35000,Diesel,Automatic,2,No
Honda City,Honda,2015,448999,54000,Petrol,Manual,2,Yes
Mini Cooper S,Mini,2013,1891111,13000,Petrol,Automatic,1,Yes
Datsun Redi GO,Datsun,2017,235000,16000,Petrol,Manual,3,Yes
Skoda Fabia 1.2L,Skoda,2011,159500,38200,Diesel,Automatic,4,No
Honda Amaze,Honda,2015,344999,22000,Petrol,Manual,2,No
Honda Amaze,Honda,2015,344999,22000,Petrol,Automatic,2,No
Renault Duster,Renault,2014,449999,50000,Diesel,Manual,1,No
Mini Cooper S,Mini,2013,1891111,13500,Petrol,Automatic,4,No
Mahindra Scorpio S4,Mahindra,2015,865000,30000,Diesel,Manual,1,No
Mahindra Scorpio VLX,Mahindra,2014,699000,50000,Diesel,Automatic,0,No
Mahindra Quanto C8,Mahindra,2013,375000,20000,Diesel,Manual,2,Yes
Ford EcoSport,Ford,2017,489999,39000,Petrol,Automatic,1,No
Honda Brio,Honda,2012,224999,30000,Petrol,Manual,2,No
Volkswagen Vento Highline,Volkswagen,2019,1200000,3600,Diesel,Manual,1,Yes
Hyundai i20 Magna,Hyundai,2009,195000,32000,Petrol,Automatic,3,Yes
Toyota Corolla Altis,Toyota,2010,351000,38000,Diesel,Manual,2,Yes
Hyundai Verna Transform,Hyundai,2008,160000,45000,Petrol,Automatic,4,No
Toyota Corolla Altis,Toyota,2009,240000,35000,Petrol,Manual,1,Yes
Honda City 1.5,Honda,2005,90000,50000,Petrol,Automatic,4,Yes
Hyundai Elite i20,Hyundai,2014,415000,32000,Petrol,Manual,0,No
Skoda Fabia 1.2L,Skoda,2011,155000,45863,Diesel,Automatic,3,Yes
BMW 3 Series,BMW,2011,600000,60500,Petrol,Manual,1,Yes
Maruti Suzuki A,Maruti,2011,189500,12500,Petrol,Automatic,0,No
Toyota Etios GD,Toyota,2013,350000,60000,Diesel,Manual,4,Yes
Ford Figo Diesel,Ford,2012,210000,35000,Diesel,Automatic,1,Yes
Maruti Suzuki Swift,Maruti,2014,390000,35000,Petrol,Manual,0,Yes
Chevrolet Beat LT,Chevrolet,2012,135000,45000,Diesel,Automatic,3,No
BMW 7 Series,BMW,2009,1600000,35000,Petrol,Manual,4,Yes
Mahindra XUV500 W8,Mahindra,2013,701000,38000,Diesel,Automatic,3,Yes
Hyundai i10 Magna,Hyundai,2014,265000,18000,Petrol,Manual,0,No
Hyundai Verna Fluidic,Hyundai,2015,525000,35000,Diesel,Automatic,4,No
Maruti Suzuki Swift,Maruti,2013,372000,13349,Petrol,Manual,0,Yes
Maruti Suzuki Ertiga,Maruti,2016,635000,29000,Petrol,Automatic,3,No
Ford EcoSport Titanium,Ford,2014,550000,44000,Diesel,Manual,2,No
Maruti Suzuki Ertiga,Maruti,2016,575000,29000,Petrol,Automatic,3,No
Maruti Suzuki Ertiga,Maruti,2013,485000,42000,Diesel,Manual,1,No
Maruti Suzuki Alto,Maruti,2012,155000,14000,Petrol,Automatic,3,Yes
Hyundai Grand i10,Hyundai,2014,345000,49000,Diesel,Manual,3,Yes
Honda Amaze 1.2,Honda,2014,325000,42000,Petrol,Automatic,2,Yes
Hyundai i20 Asta,Hyundai,2012,329500,36200,Diesel,Manual,0,No
Ford Figo Diesel,Ford,2014,195000,50000,Diesel,Automatic,3,No
Maruti Suzuki Eeco,Maruti,2015,251111,55000,Petrol,Manual,2,Yes
Maruti Suzuki Ertiga,Maruti,2014,569999,45000,Petrol,Automatic,2,Yes
Maruti Suzuki Esteem,Maruti,2007,69999,51000,Petrol,Manual,4,No
Maruti Suzuki Ritz,Maruti,2014,299999,19000,Petrol,Automatic,1,No
Maruti Suzuki Dzire,Maruti,2009,220000,46000,Petrol,Manual,3,No
Maruti Suzuki Ritz,Maruti,2013,399999,33000,Diesel,Automatic,0,Yes
Maruti Suzuki Swift,Maruti,2013,372000,13349,Petrol,Manual,2,No
Maruti Suzuki Dzire,Maruti,2015,450000,104000,Diesel,Automatic,3,Yes
Toyota Etios Liva,Toyota,2014,270000,55000,Petrol,Manual,1,Yes
Hyundai i20 Sportz,Hyundai,2011,350000,33333,Diesel,Automatic,4,No
Chevrolet Spark,Chevrolet,2012,158400,33600,Petrol,Manual,3,No
Maruti Suzuki Alto,Maruti,2017,350000,5600,Petrol,Automatic,0,No
Nissan Micra XV,Nissan,2011,179000,41000,Petrol,Manual,2,Yes
Maruti Suzuki Swift,Maruti,2007,125000,70000,Petrol,Automatic,0,No
Maruti Suzuki Alto,Maruti,2018,200000,7500,Petrol,Manual,3,Yes
Honda Amaze 1.5,Honda,2013,299000,45000,Diesel,Automatic,0,No
Maruti Suzuki Alto,Maruti,2015,220000,38000,Petrol,Manual,0,Yes
Chevrolet Beat,Chevrolet,2015,150000,30000,Petrol,Automatic,0,No
Honda City 1.5,Honda,2010,285000,35000,Petrol,Automatic,4,No
Ford EcoSport Trend,Ford,2016,830000,24330,Diesel,Manual,0,Yes
Hyundai i20 Asta,Hyundai,2009,210000,65480,Petrol,Automatic,1,No
Maruti Suzuki Swift,Maruti,2013,340000,41000,Petrol,Manual,1,Yes
Tata Indica V2,Tata,2006,90000,20000,Petrol,Automatic,1,No
Hindustan Motors Ambassador,Hindustan,2000,70000,200000,Diesel,Automatic,3,No
Toyota Corolla Altis,Toyota,2010,289999,70000,Petrol,Manual,2,Yes
Toyota Corolla Altis,Toyota,2012,349999,59000,Petrol,Automatic,4,No
Toyota Innova 2.5,Toyota,2012,849999,99000,Diesel,Manual,1,Yes
Volkswagen Jetta Highline,Volkswagen,2014,749999,46000,Diesel,Automatic,2,No
Volkswagen Polo Comfortline,Volkswagen,2015,399999,2800,Petrol,Manual,2,No
Volkswagen Polo,Volkswagen,2014,274999,32000,Petrol,Automatic,0,No
Mahindra Scorpio,Mahindra,2015,984999,22000,Diesel,Manual,3,No
Renault Duster,Renault,2014,449999,50000,Diesel,Automatic,0,Yes
Honda Amaze,Honda,2015,344999,22000,Petrol,Manual,1,No
Nissan Sunny,Nissan,2012,224999,45000,Petrol,Automatic,2,No
Hyundai Elite i20,Hyundai,2018,599999,21000,Petrol,Manual,4,No
Renault Kwid,Renault,2016,244999,11000,Petrol,Automatic,2,No
Renault Duster,Renault,2013,399999,41000,Diesel,Manual,2,No
Ford EcoSport,Ford,2017,489999,39000,Petrol,Automatic,3,Yes
Renault Duster,Renault,2014,474999,50000,Diesel,Manual,4,No
Mahindra Scorpio VLX,Mahindra,2011,499999,66000,Diesel,Automatic,3,No
Maruti Suzuki Alto,Maruti,2018,310000,3000,Petrol,Manual,4,Yes
Chevrolet Spark LT,Chevrolet,2010,85000,45000,Petrol,Automatic,3,No
Datsun Redi GO,Datsun,2016,245000,7000,Petrol,Manual,3,No
Maruti Suzuki Swift,Maruti,2010,189500,38500,Diesel,Automatic,1,No
Fiat Punto Emotion,Fiat,2012,169500,37200,Diesel,Manual,0,Yes
Maruti Suzuki Swift,Maruti,2010,159500,43200,Diesel,Automatic,1,Yes
Toyota Etios GD,Toyota,2013,275000,24800,Petrol,Manual,0,No
Hyundai i20 Sportz,Hyundai,2014,370000,60000,Diesel,Automatic,2,Yes
Hyundai i10 Sportz,Hyundai,2010,168000,45872,Petrol,Manual,4,No
Chevrolet Beat LT,Chevrolet,2011,150000,40000,Diesel,Automatic,0,No
Chevrolet Beat LS,Chevrolet,2011,145000,45000,Diesel,Manual,3,No
Chevrolet Beat LT,Chevrolet,2012,98500,38000,Diesel,Automatic,3,Yes
Mahindra Scorpio VLX,Mahindra,2014,699000,50000,Diesel,Manual,3,Yes
Tata Indigo CS,Tata,2011,85000,11400,Diesel,Automatic,4,Yes
Toyota Corolla Altis,Toyota,2015,575000,42000,Petrol,Manual,3,No
Honda City 1.5,Honda,2014,549000,39000,Petrol,Automatic,2,Yes
Maruti Suzuki Swift,Maruti,2011,209000,47000,Diesel,Manual,2,Yes
Hyundai Eon Era,Hyundai,2013,185000,27000,Petrol,Automatic,4,Yes
Mahindra Scorpio S10,Mahindra,2015,900000,97200,Diesel,Manual,4,No
Mahindra XUV500,Mahindra,2014,699999,52000,Diesel,Automatic,1,Yes
Honda Brio,Honda,2012,224999,30000,Petrol,Manual,3,Yes
Ford Fiesta,Ford,2011,274999,55000,Diesel,Automatic,3,Yes
Honda Amaze,Honda,2013,284999,46000,Diesel,Manual,2,Yes
Honda City,Honda,2015,599999,30000,Diesel,Automatic,1,No
Maruti Suzuki Wagon,Maruti,2012,199999,44000,Petrol,Manual,0,Yes
Honda City,Honda,2014,544999,45000,Diesel,Automatic,4,Yes
Hyundai i20,Hyundai,2009,199000,31000,Petrol,Manual,4,Yes
Tata Indigo eCS,Tata,2016,320000,175430,Diesel,Automatic,0,Yes
Hyundai Fluidic Verna,Hyundai,2015,540000,38000,Diesel,Manual,0,Yes
Mahindra Quanto C8,Mahindra,2013,340000,37000,Diesel,Manual,2,Yes
Fiat Petra ELX,Fiat,2008,75000,65000,Petrol,Automatic,2,No
Skoda Fabia 1.2L,Skoda,2011,159500,38200,Diesel,Manual,1,No
Mini Cooper S,Mini,2013,1891111,13000,Petrol,Automatic,4,Yes
Hyundai Santro Xing,Hyundai,2005,49000,7500,Petrol,Manual,1,No
Maruti Suzuki Ciaz,Maruti,2016,700000,3350,Petrol,Automatic,3,No
Maruti Suzuki Zen,Maruti,2000,55000,60000,Petrol,Manual,1,Yes
Honda City,Honda,2015,448999,54000,Petrol,Automatic,0,Yes
Hyundai Creta 1.6,Hyundai,2017,895000,32000,Petrol,Manual,3,Yes
Mahindra Scorpio SLX,Mahindra,2007,355000,75000,Diesel,Manual,1,No
Mahindra Scorpio SLE,Mahindra,2012,565000,62000,Diesel,Automatic,2,Yes
Toyota Innova 2.5,Toyota,2006,365000,73000,Diesel,Manual,2,No
Maruti Suzuki Alto,Maruti,2011,145000,41000,Petrol,Automatic,3,Yes
Maruti Suzuki Wagon,Maruti,2011,210000,35000,Petrol,Manual,0,Yes
Tata Nano Cx,Tata,2013,40000,2200,Petrol,Automatic,3,Yes
Maruti Suzuki Alto,Maruti,2013,125000,39000,Petrol,Manual,2,Yes
Maruti Suzuki Wagon,Maruti,2009,135000,45000,Petrol,Automatic,0,No
Maruti Suzuki Swift,Maruti,2006,135000,45000,Petrol,Manual,2,No
Tata Sumo Victa,Tata,2012,285000,65000,Diesel,Automatic,0,Yes
Maruti Suzuki Wagon,Maruti,2010,145000,54870,Petrol,Automatic,3,Yes
Maruti Suzuki Alto,Maruti,2010,135000,34580,Petrol,Manual,2,No
Volkswagen Passat Diesel,Volkswagen,2009,450000,97000,Diesel,Automatic,1,No
Renault Scala RxL,Renault,2015,375000,25000,Diesel,Manual,4,Yes
Mahindra Quanto C8,Mahindra,2013,375000,20000,Diesel,Automatic,4,Yes
Hyundai Grand i10,Hyundai,2014,365000,20000,Petrol,Manual,4,Yes
Hyundai i20 Active,Hyundai,2015,500000,18000,Petrol,Automatic,0,No
Mahindra Xylo E4,Mahindra,2012,400000,35000,Diesel,Manual,4,No
Mahindra Jeep MM,Mahindra,2019,390000,60,Diesel,Automatic,0,No
Renault Duster 110PS,Renault,2012,501000,35000,Diesel,Manual,0,Yes
Mahindra Bolero SLE,Mahindra,2013,330000,80200,Diesel,Automatic,3,No
Force Motors Force,Force,2015,580000,3200,Diesel,Manual,0,No
Maruti Suzuki SX4,Maruti,2012,265000,46000,Diesel,Automatic,0,Yes
Mahindra Jeep CL550,Mahindra,2019,379000,0,Diesel,Manual,2,Yes
Maruti Suzuki Alto,Maruti,2015,219000,5000,Petrol,Automatic,0,No
Mahindra Jeep CL550,Mahindra,2018,385000,588,Diesel,Manual,2,No
Toyota Etios,Toyota,2011,275000,36000,Diesel,Automatic,3,Yes
Volkswagen Polo,Volkswagen,2015,330000,38000,Diesel,Manual,4,No
Honda City ZX,Honda,2008,110000,45000,Petrol,Automatic,0,Yes
Maruti Suzuki Wagon,Maruti,2006,80000,71200,Petrol,Manual,2,No
Honda City VX,Honda,2016,519000,52000,Diesel,Automatic,4,Yes
Mahindra Thar CRDe,Mahindra,2016,730000,29000,Diesel,Manual,3,No
Mitsubishi Pajero Sport,Mitsubishi,2015,1475000,47000,Diesel,Automatic,1,No
Audi A4 1.8,Audi,2009,699000,47000,Petrol,Manual,2,Yes
Mercedes Benz GLA,Mercedes,2015,2000000,20000,Diesel,Automatic,2,No
Land Rover Freelander,Land,2015,2100000,30000,Diesel,Manual,1,No
Renault Kwid RXT,Renault,2017,340000,5000,Petrol,Automatic,3,No
Tata Aria Pleasure,Tata,2014,390000,35000,Diesel,Manual,0,Yes
Mercedes Benz B,Mercedes,2014,1400000,31000,Petrol,Automatic,0,Yes
Datsun GO T,Datsun,2016,245000,7000,Petrol,Manual,2,No
Tata Indigo eCS,Tata,2016,320000,175430,Diesel,Automatic,3,Yes
Tata Indigo eCS,Tata,2016,320000,175400,Diesel,Manual,2,No
Honda Jazz VX,Honda,2016,450000,41000,Petrol,Automatic,2,Yes
Honda Amaze 1.2,Honda,2014,311000,33000,Petrol,Manual,1,Yes
Honda Amaze,Honda,2013,284999,46000,Diesel,Automatic,0,No
Honda City,Honda,2012,399999,45000,Petrol,Manual,1,Yes
Honda City,Honda,2015,599999,39000,Diesel,Automatic,1,No
Honda Amaze,Honda,2015,344999,22000,Petrol,Manual,4,No
Audi A4 1.8,Audi,2009,699000,47000,Petrol,Automatic,0,No
Force Motors Force,Force,2015,580000,3200,Diesel,Manual,1,Yes
Mahindra Scorpio S4,Mahindra,2015,855000,30000,Diesel,Automatic,4,Yes
Hyundai i20 Active,Hyundai,2015,535000,37000,Diesel,Manual,3,No
Mini Cooper S,Mini,2013,1891111,13000,Petrol,Automatic,1,Yes
Maruti Suzuki Ciaz,Maruti,2017,699000,14000,Petrol,Manual,4,Yes
Chevrolet Tavera Neo,Chevrolet,2013,375000,55000,Diesel,Automatic,0,Yes
Honda Amaze,Honda,2013,284999,46000,Diesel,Manual,0,No
Hyundai Eon Sportz,Hyundai,2012,178000,30000,Petrol,Automatic,2,Yes
Tata Sumo Gold,Tata,2013,300000,50000,Diesel,Manual,3,No
Maruti Suzuki Wagon,Maruti,2003,90000,45000,Petrol,Automatic,4,Yes
Maruti Suzuki Esteem,Maruti,2006,95000,45000,Petrol,Manual,2,No
Maruti Suzuki Eeco,Maruti,2015,255000,9300,Petrol,Automatic,1,No
Chevrolet Enjoy 1.4,Chevrolet,2013,245000,55000,Diesel,Manual,3,No
Hyundai i20 Asta,Hyundai,2012,329500,36200,Diesel,Automatic,2,No
Ford Figo Diesel,Ford,2014,195000,50000,Diesel,Manual,4,Yes
Maruti Suzuki Eeco,Maruti,2015,251111,55000,Petrol,Automatic,1,Yes
Maruti Suzuki Ertiga,Maruti,2014,569999,45000,Petrol,Manual,2,No
Maruti Suzuki Esteem,Maruti,2007,69999,51000,Petrol,Automatic,2,No
Maruti Suzuki Ritz,Maruti,2014,299999,19000,Petrol,Manual,3,Yes
Maruti Suzuki Dzire,Maruti,2009,220000,46000,Petrol,Automatic,4,Yes
Maruti Suzuki Ritz,Maruti,2013,399999,33000,Diesel,Manual,1,No
Maruti Suzuki SX4,Maruti,2010,249999,36000,Petrol,Automatic,4,Yes
Maruti Suzuki Wagon,Maruti,2015,289999,22000,Petrol,Manual,1,Yes
Mini Cooper S,Mini,2013,1891111,13500,Petrol,Automatic,0,No
Nissan Terrano XL,Nissan,2015,499999,60000,Diesel,Manual,0,Yes
Renault Duster 85,Renault,2013,489999,27000,Diesel,Automatic,4,No
Renault Duster 85,Renault,2014,489999,59000,Diesel,Manual,2,No
Renault Duster 85,Renault,2015,549999,19000,Diesel,Automatic,3,No
Maruti Suzuki Dzire,Maruti,2013,380000,30000,Petrol,Manual,3,Yes
Renault Kwid RXT,Renault,2018,325000,15000,Petrol,Automatic,4,Yes
Maruti Suzuki Maruti,Maruti,2003,57000,56758,Petrol,Manual,4,No
Renault Kwid 1.0,Renault,2018,349999,10000,Petrol,Automatic,2,Yes
Renault Lodgy 85,Renault,2018,689999,20000,Diesel,Manual,2,No
Renault Scala RxL,Renault,2014,349999,49000,Diesel,Automatic,4,Yes
Hyundai Grand i10,Hyundai,2014,410000,41000,Petrol,Manual,1,Yes
Maruti Suzuki Swift,Maruti,2011,225000,45000,Petrol,Automatic,3,Yes
Chevrolet Beat LS,Chevrolet,2010,120000,43000,Petrol,Manual,4,Yes
Tata Indigo eCS,Tata,2016,320000,175430,Diesel,Automatic,1,Yes
Hyundai Santro Xing,Hyundai,2000,59000,56450,Petrol,Manual,4,Yes
Hyundai Fluidic Verna,Hyundai,2015,540000,38000,Diesel,Automatic,0,No
Chevrolet Beat LS,Chevrolet,2010,80000,56000,Petrol,Automatic,1,No
Mahindra Quanto C8,Mahindra,2013,340000,37000,Diesel,Manual,4,No
Fiat Petra ELX,Fiat,2008,75000,65000,Petrol,Automatic,2,Yes
Chevrolet Beat LS,Chevrolet,2015,220000,32700,Petrol,Manual,1,No
Skoda Fabia 1.2L,Skoda,2011,159500,38200,Diesel,Automatic,2,No
Ford EcoSport Titanium,Ford,2016,599000,30000,Diesel,Manual,4,No
Hyundai Accent GLX,Hyundai,2006,80000,56000,Petrol,Automatic,2,Yes
Mahindra TUV300 T4,Mahindra,2016,675000,9000,Diesel,Manual,3,Yes
Mini Cooper S,Mini,2013,1891111,13000,Petrol,Automatic,0,No
Mini Cooper S,Mini,2013,1891111,13000,Petrol,Manual,1,Yes
Tata Indica V2,Tata,2008,150000,11000,Petrol,Automatic,0,No
Mini Cooper S,Mini,2013,1891111,13000,Petrol,Manual,2,Yes
Tata Indigo CS,Tata,2009,72500,46000,Diesel,Automatic,0,No
Maruti Suzuki Swift,Maruti,2019,610000,73,Petrol,Manual,3,No
Mahindra Scorpio VLX,Mahindra,2004,230000,160000,Diesel,Automatic,1,No
Honda Accord,Honda,2009,175000,58559,Petrol,Automatic,0,No
Mahindra Scorpio S4,Mahindra,2015,855000,30000,Diesel,Manual,3,Yes
Chevrolet Tavera Neo,Chevrolet,2013,375000,55000,Diesel,Automatic,0,Yes
Ford EcoSport Titanium,Ford,2014,520000,57000,Diesel,Manual,0,No
Maruti Suzuki Ertiga,Maruti,2015,524999,50000,Diesel,Automatic,1,No
Honda Amaze,Honda,2014,299999,37000,Petrol,Manual,4,No
Maruti Suzuki Dzire,Maruti,2012,299999,40000,Petrol,Automatic,4,Yes
Honda City,Honda,2011,284999,55000,Petrol,Manual,1,No
Mahindra Scorpio 2.6,Mahindra,2007,220000,170000,Diesel,Automatic,4,No
Maruti Suzuki Dzire,Maruti,2014,424999,55000,Diesel,Manual,0,No
Honda City,Honda,2015,644999,39000,Petrol,Automatic,4,No
Honda Mobilio,Honda,2014,399999,44000,Petrol,Manual,1,No
Toyota Corolla Altis,Toyota,2009,199999,65000,Petrol,Automatic,3,No
Honda City,Honda,2014,584999,39000,Petrol,Manual,0,No
Skoda Laura,Skoda,2012,349999,44000,Diesel,Automatic,0,No
Renault Duster,Renault,2015,449999,49000,Diesel,Manual,1,No
Maruti Suzuki Ertiga,Maruti,2018,799999,9000,Diesel,Automatic,2,Yes
Maruti Suzuki Dzire,Maruti,2015,444999,45000,Diesel,Manual,3,Yes
Mahindra XUV500,Mahindra,2014,649999,47000,Diesel,Automatic,2,Yes
Hyundai Verna Fluidic,Hyundai,2012,444999,40000,Diesel,Manual,0,No
Maruti Suzuki Vitara,Maruti,2016,689999,29000,Diesel,Automatic,4,Yes
Maruti Suzuki Wagon,Maruti,2016,344999,15000,Petrol,Manual,0,Yes
Mahindra Scorpio,Mahindra,2015,944999,45000,Diesel,Automatic,3,Yes
Honda Amaze,Honda,2014,274999,35000,Petrol,Manual,2,Yes
Mahindra XUV500,Mahindra,2013,689999,80000,Diesel,Automatic,3,No
Mahindra Scorpio,Mahindra,2013,574999,68000,Diesel,Manual,4,No
Skoda Laura,Skoda,2013,374999,50000,Diesel,Automatic,4,Yes
Volkswagen Polo,Volkswagen,2010,199999,60000,Diesel,Manual,4,No
Hyundai Elite i20,Hyundai,2016,549999,9000,Petrol,Automatic,2,No
Tata Manza Aura,Tata,2012,130000,72000,Diesel,Manual,1,Yes
Chevrolet Sail UVA,Chevrolet,2013,210000,60000,Petrol,Automatic,4,Yes
Renault Duster 110,Renault,2012,501000,38000,Diesel,Manual,4,No
Hyundai Verna Fluidic,Hyundai,2013,401000,45000,Diesel,Automatic,0,No
Audi A4 2.0,Audi,2012,1350000,40000,Diesel,Manual,1,No
Hyundai Elantra SX,Hyundai,2013,600000,20000,Petrol,Automatic,1,No
Mahindra Scorpio VLX,Mahindra,2013,610000,35000,Diesel,Manual,4,No
Mahindra KUV100 K8,Mahindra,2016,400000,20000,Diesel,Automatic,0,Yes
Renault Scala RxL,Renault,2015,375000,25000,Diesel,Manual,1,Yes
Mahindra Quanto C8,Mahindra,2013,375000,20000,Diesel,Automatic,4,Yes
Hyundai Grand i10,Hyundai,2014,365000,20000,Petrol,Manual,2,No
Hyundai i20 Active,Hyundai,2015,500000,18000,Petrol,Automatic,3,Yes
Mahindra Xylo E4,Mahindra,2012,400000,35000,Diesel,Manual,4,Yes
Hyundai Grand i10,Hyundai,2017,524999,6821,Petrol,Automatic,1,No
Hyundai i20,Hyundai,2014,449999,23000,Petrol,Manual,0,No
Hyundai Eon,Hyundai,2014,174999,14000,Petrol,Automatic,2,Yes
Hyundai i10,Hyundai,2012,244999,38000,Petrol,Manual,0,No
Hyundai i20 Active,Hyundai,2015,574999,35000,Diesel,Automatic,1,Yes
Datsun Redi GO,Datsun,2017,244999,22000,Petrol,Manual,1,No
Toyota Etios Liva,Toyota,2011,239999,41000,Petrol,Automatic,0,Yes
Hyundai Accent,Hyundai,2010,99999,45000,Petrol,Manual,3,Yes
Hyundai Verna,Hyundai,2014,489999,44000,Diesel,Automatic,2,No
Maruti Suzuki Swift,Maruti,2013,324999,45000,Diesel,Manual,0,Yes
Toyota Fortuner,Toyota,2011,1074999,52000,Diesel,Automatic,4,No
Hyundai i10 Sportz,Hyundai,2012,230000,34000,Petrol,Manual,1,No
Mahindra Bolero Power,Mahindra,2018,699000,1800,Diesel,Automatic,1,No
Mahindra XUV500,Mahindra,2015,1000000,15000,Diesel,Automatic,1,Yes
Honda City 1.5,Honda,2010,240000,400000,Petrol,Manual,3,No
Chevrolet Spark LT,Chevrolet,2009,110000,44000,Petrol,Automatic,0,No
Mahindra Jeep MM,Mahindra,2019,390000,60,Diesel,Manual,0,Yes
Renault Duster 110PS,Renault,2012,501000,35000,Diesel,Automatic,4,No
Mahindra XUV500,Mahindra,2016,1130000,72000,Diesel,Manual,4,Yes
Tata Indigo eCS,Tata,2014,250000,40000,Diesel,Automatic,0,Yes
Mahindra Bolero SLE,Mahindra,2013,330000,80200,Diesel,Automatic,3,Yes
Force Motors Force,Force,2015,580000,3200,Diesel,Manual,0,No
Skoda Rapid Elegance,Skoda,2013,340000,48000,Diesel,Automatic,3,No
Tata Vista Quadrajet,Tata,2011,120000,90000,Diesel,Manual,4,Yes
Maruti Suzuki Alto,Maruti,2015,265000,12000,Petrol,Automatic,3,No
Maruti Suzuki SX4,Maruti,2012,265000,46000,Diesel,Manual,3,No
Maruti Suzuki Zen,Maruti,2003,85000,69900,Petrol,Automatic,0,No
Mahindra Jeep CL550,Mahindra,2019,379000,0,Diesel,Manual,1,Yes
Hyundai i10 Magna,Hyundai,2011,175000,45000,Petrol,Automatic,2,No
Maruti Suzuki Alto,Maruti,2015,219000,5000,Petrol,Manual,3,No
Maruti Suzuki Swift,Maruti,2016,350000,166000,Diesel,Automatic,4,No
Honda City ZX,Honda,2008,149000,42000,Petrol,Manual,0,Yes
Mahindra Jeep CL550,Mahindra,2018,385000,588,Diesel,Automatic,1,No
Mahindra Jeep MM,Mahindra,2006,425000,122,Diesel,Manual,1,No
Chevrolet Beat Diesel,Chevrolet,2017,150000,62000,Diesel,Automatic,0,No
Honda City 1.5,Honda,2010,225000,70000,Petrol,Manual,4,No
Hyundai Verna 1.4,Hyundai,2014,375000,36000,Petrol,Manual,2,No
Toyota Innova 2.5,Toyota,2012,770000,0,Diesel,Automatic,1,No
Maruti Suzuki Maruti,Maruti,1995,30000,55000,Petrol,Automatic,1,No
Toyota Etios,Toyota,2011,275000,36000,Diesel,Manual,3,No
Volkswagen Polo,Volkswagen,2015,330000,38000,Diesel,Automatic,2,No
Maruti Suzuki Swift,Maruti,2014,335000,55000,Diesel,Manual,2,No
Hyundai Elite i20,Hyundai,2015,450000,20000,Diesel,Automatic,0,Yes
Maruti Suzuki Swift,Maruti,2012,225000,40000,Petrol,Manual,1,No
Maruti Suzuki Versa,Maruti,2004,80000,50000,Petrol,Manual,2,No
Tata Indigo LX,Tata,2016,130000,104000,Diesel,Automatic,1,No
Volkswagen Vento Konekt,Volkswagen,2011,245000,65000,Diesel,Manual,2,No
Mercedes Benz C,Mercedes,2002,399000,41000,Petrol,Automatic,3,No
Maruti Suzuki Ertiga,Maruti,2013,450000,90000,Diesel,Manual,1,Yes
Honda City,Honda,2000,65000,80000,Petrol,Manual,3,No
Hyundai Santro Xing,Hyundai,2006,75000,46000,Petrol,Automatic,3,Yes
Maruti Suzuki Omni,Maruti,2001,70000,70000,Petrol,Manual,2,Yes
Hyundai Sonata Transform,Hyundai,2017,190000,36469,Diesel,Automatic,4,No
Hyundai Elite i20,Hyundai,2018,600000,7800,Petrol,Manual,3,Yes
Volkswagen Vento Konekt,Volkswagen,2011,245000,65000,Diesel,Automatic,1,Yes
Maruti Suzuki Alto,Maruti,2017,240000,60000,Petrol,Manual,2,No
Maruti Suzuki Alto,Maruti,2011,155000,32000,Petrol,Automatic,3,No
Honda Jazz S,Honda,2009,169999,24695,Petrol,Manual,0,Yes
Hyundai Grand i10,Hyundai,2017,450000,15141,Petrol,Automatic,2,No
Maruti Suzuki Zen,Maruti,2001,40000,40000,Petrol,Manual,1,Yes
Mahindra Scorpio W,Mahindra,2012,165000,65000,Diesel,Automatic,4,No
Maruti Suzuki Alto,Maruti,2014,270000,22000,Petrol,Automatic,2,Yes
Hyundai Grand i10,Hyundai,2016,280000,59910,Diesel,Manual,2,No
Mahindra XUV500 W8,Mahindra,2012,560000,100000,Diesel,Automatic,0,No
Hyundai Creta 1.6,Hyundai,2016,950000,25000,Petrol,Manual,2,No
Hyundai i20 Magna,Hyundai,2013,310000,35000,Petrol,Automatic,1,No
Renault Duster 85,Renault,2015,715000,65000,Diesel,Manual,3,No
Hyundai Grand i10,Hyundai,2014,340000,35000,Petrol,Automatic,2,Yes
Honda Brio V,Honda,2012,235000,33000,Petrol,Manual,0,Yes
Mahindra TUV300 T4,Mahindra,2017,610000,68000,Diesel,Automatic,1,No
Chevrolet Spark LS,Chevrolet,2010,95000,23000,Petrol,Manual,4,No
Mahindra TUV300 T8,Mahindra,2018,1000000,4500,Diesel,Automatic,1,No
Maruti Suzuki Swift,Maruti,2015,220000,129000,Diesel,Manual,0,No
Nissan X Trail,Nissan,2019,1200000,300,Diesel,Automatic,1,No
Maruti Suzuki Alto,Maruti,2015,230000,5000,Petrol,Manual,3,Yes
Ford Ikon 1.3,Ford,2001,45000,65000,Petrol,Automatic,1,Yes
Toyota Fortuner 3.0,Toyota,2010,940000,131000,Diesel,Manual,3,Yes
Tata Manza ELAN,Tata,2010,155555,111111,Petrol,Automatic,3,Yes
Mercedes Benz A,Mercedes,2013,1500000,14000,Petrol,Manual,3,No
Chevrolet Beat LS,Chevrolet,2016,210000,22000,Diesel,Automatic,2,No
Ford EcoSport Trend,Ford,2013,495000,38000,Diesel,Manual,2,No
Tata Indigo LS,Tata,2016,125000,70000,Diesel,Automatic,0,No
Hyundai i20 Magna,Hyundai,2010,195000,36000,Petrol,Manual,2,No
Volkswagen Vento Highline,Volkswagen,2015,550000,34000,Diesel,Automatic,3,No
Renault Kwid RXT,Renault,2015,270000,43000,Petrol,Manual,1,Yes
Ford EcoSport Titanium,Ford,2014,500000,40000,Diesel,Manual,4,Yes
Honda Amaze 1.5,Honda,2016,240000,160000,Diesel,Automatic,3,No
Hyundai Verna 1.6,Hyundai,2017,800000,12000,Petrol,Manual,1,Yes
BMW 5 Series,BMW,2011,1299000,49000,Diesel,Automatic,2,No
Skoda Superb 1.8,Skoda,2011,530000,68000,Petrol,Manual,2,No
Audi Q3 2.0,Audi,2013,1499000,37000,Diesel,Automatic,4,No
Mahindra Bolero DI,Mahindra,2012,220000,59466,Diesel,Manual,4,No
Mahindra Scorpio S10,Mahindra,2015,900000,97200,Diesel,Manual,1,No
Ford Figo Duratorq,Ford,2012,250000,99000,Diesel,Automatic,2,No
Maruti Suzuki Wagon,Maruti,2018,395000,25500,Petrol,Manual,3,No
Mahindra Logan Diesel,Mahindra,2009,130000,66000,Petrol,Automatic,4,Yes
Tata Nano GenX,Tata,2010,32000,44005,Petrol,Manual,3,Yes
Mahindra TUV300 T4,Mahindra,2016,540000,35000,Diesel,Automatic,0,No
Mahindra TUV300 T4,Mahindra,2016,540000,35000,Diesel,Manual,4,Yes
Hyundai Elite i20,Hyundai,2015,405000,28000,Petrol,Automatic,1,No
Hyundai Elite i20,Hyundai,2015,400000,30000,Petrol,Manual,1,No
Honda City SV,Honda,2017,760000,4000,Petrol,Automatic,3,No
Maruti Suzuki Baleno,Maruti,2016,500000,28000,Petrol,Manual,0,No
Ford Figo Petrol,Ford,2011,175000,75000,Petrol,Automatic,2,No
Mahindra Scorpio S10,Mahindra,2015,900000,97200,Diesel,Manual,4,No
Honda City,Honda,2017,750000,3000,Petrol,Automatic,0,No
Hyundai Elite i20,Hyundai,2015,419000,20000,Petrol,Manual,3,Yes
Maruti Suzuki Versa,Maruti,2004,90000,50000,Petrol,Automatic,0,Yes
Hyundai Eon Era,Hyundai,2018,140000,2110,Petrol,Manual,0,No
Mitsubishi Pajero Sport,Mitsubishi,2015,1540000,43222,Petrol,Automatic,4,No
Hyundai i10 Magna,Hyundai,2008,275000,100200,Petrol,Manual,0,No
Toyota Corolla H2,Toyota,2003,150000,100000,Petrol,Automatic,2,Yes
Maruti Suzuki Swift,Maruti,2011,230000,65,Petrol,Manual,4,No
Tata Indigo CS,Tata,2015,123000,100000,Diesel,Automatic,2,Yes
Mahindra Scorpio S10,Mahindra,2015,900000,97200,Diesel,Manual,4,Yes
Mahindra Scorpio S10,Mahindra,2015,900000,97200,Diesel,Automatic,4,Yes
Hyundai Xcent Base,Hyundai,2016,300000,140000,Diesel,Manual,0,No
Honda City,Honda,2015,499999,55000,Petrol,Automatic,4,Yes
Hyundai Accent Executive,Hyundai,2009,165000,48000,Petrol,Manual,2,Yes
Maruti Suzuki Baleno,Maruti,2016,498000,22000,Petrol,Automatic,3,No
Tata Zest XE,Tata,2018,480000,103553,Diesel,Manual,2,Yes
Maruti Suzuki Dzire,Maruti,2017,488000,80000,Diesel,Automatic,3,No
Tata Sumo Gold,Tata,2014,250000,99000,Diesel,Manual,1,No
Toyota Corolla Altis,Toyota,2010,220000,58000,Petrol,Automatic,4,No
Maruti Suzuki Eeco,Maruti,2013,290000,70000,LPG,Manual,0,No
Toyota Fortuner 3.0,Toyota,2015,1525000,120000,Diesel,Automatic,2,No
Mahindra XUV500 W6,Mahindra,2013,548900,49800,Diesel,Manual,3,Yes
Tata Tigor Revotron,Tata,2019,650000,100,Diesel,Automatic,4,No
Maruti Suzuki 800,Maruti,2001,55000,81876,Petrol,Manual,1,No
Maruti Suzuki Ertiga,Maruti,2015,550000,75000,Petrol,Automatic,3,No
Maruti Suzuki Versa,Maruti,2004,90000,50000,Petrol,Manual,4,No
Honda Mobilio S,Honda,2014,399000,44000,Diesel,Automatic,0,No
Maruti Suzuki Ertiga,Maruti,2016,730000,55000,Diesel,Manual,0,Yes
Maruti Suzuki Vitara,Maruti,2017,725000,36000,Diesel,Automatic,1,Yes
Hyundai Verna 1.6,Hyundai,2016,195000,56000,Diesel,Manual,2,Yes
Maruti Suzuki Swift,Maruti,2007,130000,62000,Petrol,Automatic,4,No
Toyota Fortuner 3.0,Toyota,2015,1525000,120000,Diesel,Manual,3,Yes
Maruti Suzuki Omni,Maruti,2014,190000,6020,Petrol,Automatic,4,Yes
Honda Amaze,Honda,2013,250000,55700,Diesel,Manual,3,Yes
Tata Indica,Tata,2005,80000,42000,Petrol,Automatic,0,No
Hyundai Santro Xing,Hyundai,2003,120000,50000,Petrol,Manual,3,No
Maruti Suzuki Zen,Maruti,2010,149000,35000,Petrol,Automatic,1,No
Maruti Suzuki Wagon,Maruti,2014,250000,18500,Petrol,Manual,3,No
Maruti Suzuki Wagon,Maruti,2007,120000,7000,Petrol,Automatic,2,No
Honda Brio VX,Honda,2017,450000,11000,Petrol,Manual,0,No
Maruti Suzuki Zen,Maruti,2003,99999,53000,Petrol,Manual,4,Yes
Maruti Suzuki Zen,Maruti,2008,135000,23000,Petrol,Automatic,2,No
Maruti Suzuki Wagon,Maruti,2016,225000,35500,Diesel,Manual,1,Yes
Maruti Suzuki Alto,Maruti,2010,99000,22134,Petrol,Automatic,3,Yes
Renault Kwid RXT,Renault,2019,370000,1000,Petrol,Manual,2,No
Tata Nano Lx,Tata,2010,52000,9000,Petrol,Automatic,1,Yes
Jaguar XE XE,Jaguar,2016,2800000,8500,Petrol,Manual,4,No
Hyundai Eon Magna,Hyundai,2014,190000,35000,Petrol,Manual,4,No
Honda City 1.5,Honda,2014,499000,22000,Petrol,Automatic,0,No
Hindustan Motors Ambassador,Hindustan,2002,90000,25000,Diesel,Manual,4,Yes
Maruti Suzuki Ritz,Maruti,2010,149000,40000,Petrol,Automatic,4,Yes
Hyundai Grand i10,Hyundai,2017,400000,20000,Petrol,Manual,2,Yes
Hyundai Eon D,Hyundai,2016,120000,87000,Petrol,Automatic,4,Yes
Maruti Suzuki Swift,Maruti,2015,250000,55000,Petrol,Manual,3,Yes
Maruti Suzuki Wagon,Maruti,2017,375000,23000,Petrol,Automatic,2,No
Honda Amaze 1.2,Honda,2014,381000,6000,Petrol,Manual,4,No
Maruti Suzuki Estilo,Maruti,2013,180000,65000,Petrol,Automatic,1,Yes
Maruti Suzuki Vitara,Maruti,2016,580000,25000,Diesel,Manual,0,Yes
Maruti Suzuki Eeco,Maruti,2015,278000,39000,Petrol,Automatic,2,No
Hyundai Creta 1.6,Hyundai,2016,1000000,8000,Petrol,Automatic,3,No
Mahindra Scorpio Vlx,Mahindra,2013,690000,75000,Diesel,Manual,2,No
Maruti Suzuki Ertiga,Maruti,2012,480000,51000,Diesel,Automatic,0,No
Mitsubishi Lancer 1.8,Mitsubishi,2006,85000,50000,Petrol,Manual,3,No
Maruti Suzuki Maruti,Maruti,2001,40000,75000,Petrol,Automatic,1,Yes
Maruti Suzuki Alto,Maruti,2015,90000,55800,Petrol,Manual,4,Yes
Hyundai Grand i10,Hyundai,2015,340000,53000,Petrol,Automatic,4,Yes
Hyundai Eon D,Hyundai,2018,260000,25000,Petrol,Manual,4,Yes
Ford Fiesta SXi,Ford,2009,250000,56400,Petrol,Automatic,0,Yes
Maruti Suzuki Ritz,Maruti,2010,180000,72160,Diesel,Manual,1,Yes
Hyundai Verna Fluidic,Hyundai,2012,350000,10000,Diesel,Automatic,3,No
Maruti Suzuki Wagon,Maruti,2006,90001,48000,Petrol,Manual,4,Yes
Maruti Suzuki Estilo,Maruti,2007,115000,36000,Petrol,Automatic,2,Yes
Audi A6 2.0,Audi,2012,1599000,11500,Diesel,Manual,4,Yes
Maruti Suzuki Wagon,Maruti,2003,130000,133000,Petrol,Automatic,4,No
Maruti Suzuki Wagon,Maruti,2009,159000,27000,Petrol,Manual,2,Yes
Maruti Suzuki Wagon,Maruti,2009,160000,35000,Petrol,Automatic,0,Yes
Maruti Suzuki Alto,Maruti,2010,110000,55000,Petrol,Manual,2,No
Maruti Suzuki Baleno,Maruti,2016,425000,40000,Petrol,Automatic,3,Yes
Hyundai Verna 1.6,Hyundai,2019,900000,2000,Petrol,Manual,0,No
Maruti Suzuki Swift,Maruti,2009,150000,45000,Petrol,Automatic,0,Yes
Hyundai Getz Prime,Hyundai,2009,110000,20000,Petrol,Manual,4,Yes
Hyundai Santro,Hyundai,2000,51999,88000,Petrol,Automatic,4,No
Hyundai Getz Prime,Hyundai,2009,115000,20000,Petrol,Manual,2,Yes
Chevrolet Beat PS,Chevrolet,2012,215000,65422,Diesel,Automatic,3,No
Ford EcoSport Trend,Ford,2017,580000,10000,Petrol,Manual,1,No
Maruti Suzuki Dzire,Maruti,2013,380000,35000,Petrol,Automatic,4,Yes
Hyundai Fluidic Verna,Hyundai,2013,350000,117000,Diesel,Manual,4,Yes
Tata Indica V2,Tata,2005,35000,150000,Diesel,Automatic,0,Yes
BMW X1 xDrive20d,BMW,2011,1150000,72000,Diesel,Manual,4,No
Hyundai i20 Asta,Hyundai,2010,300000,10750,Petrol,Automatic,3,No
Honda City 1.5,Honda,2009,269000,55000,Petrol,Manual,3,No
Tata Nano,Tata,2013,60000,6800,Petrol,Automatic,3,Yes
Chevrolet Cruze LTZ,Chevrolet,2014,400000,41000,Diesel,Manual,1,No
Hyundai Verna Fluidic,Hyundai,2015,430000,73000,Diesel,Automatic,4,No
Maruti Suzuki Swift,Maruti,2011,140000,65000,Diesel,Automatic,4,No
Mahindra XUV500 W6,Mahindra,2014,8500003,45000,Diesel,Manual,0,Yes
Mahindra XUV500 W10,Mahindra,2018,1299000,40000,Diesel,Automatic,4,No
Maruti Suzuki Alto,Maruti,2014,199000,37000,Petrol,Manual,0,No
Hyundai Accent GLE,Hyundai,2006,90000,55000,Petrol,Automatic,1,Yes
Force Motors One,Force,2013,550000,140000,Diesel,Manual,4,No
Maruti Suzuki Alto,Maruti,2019,265000,9800,Petrol,Manual,2,Yes
Chevrolet Spark 1.0,Chevrolet,2011,100000,27000,Petrol,Automatic,2,No
Hyundai i10,Hyundai,2009,215000,27000,Petrol,Manual,2,No
Toyota Etios Liva,Toyota,2012,380000,20000,Diesel,Automatic,1,No
Renault Duster 85PS,Renault,2013,401919,57923,Diesel,Manual,3,Yes
Chevrolet Enjoy,Chevrolet,2014,490000,30201,Diesel,Automatic,1,Yes
Maruti Suzuki Alto,Maruti,2017,280000,6200,Petrol,Manual,1,Yes
BMW 5 Series,BMW,2009,650000,37518,Petrol,Automatic,4,Yes
Toyota Etios Liva,Toyota,2014,160000,24652,Petrol,Manual,0,Yes
Mahindra Jeep MM,Mahindra,2004,424000,383,Diesel,Automatic,0,No
Chevrolet Beat LS,Chevrolet,2016,225000,95000,Diesel,Manual,1,Yes
Chevrolet Cruze LTZ,Chevrolet,2011,350000,35000,Diesel,Automatic,1,Yes
Jeep Wrangler Unlimited,Jeep,2015,950000,3528,Diesel,Manual,0,No
Maruti Suzuki Ertiga,Maruti,2013,485000,52500,Diesel,Automatic,2,No
Hyundai Verna VGT,Hyundai,2010,205000,47900,Diesel,Manual,2,Yes
Maruti Suzuki Omni,Maruti,2012,160000,14000,Petrol,Automatic,1,Yes
Maruti Suzuki Celerio,Maruti,2018,310000,37000,Petrol,Manual,4,No
Tata Zest Quadrajet,Tata,2017,180000,90000,Diesel,Automatic,2,Yes
Mahindra XUV500 W6,Mahindra,2013,549900,52800,Diesel,Manual,1,No
Tata Indigo CS,Tata,2016,150000,104000,Diesel,Automatic,3,No
Hyundai i10 Era,Hyundai,2011,175000,30000,Petrol,Manual,3,Yes
Tata Indigo eCS,Tata,2014,95000,195000,Diesel,Automatic,2,No
Tata Indigo LX,Tata,2016,230000,104000,Diesel,Manual,2,No
Tata Indigo eCS,Tata,2016,230000,104000,Diesel,Automatic,1,No
Tata Indigo Marina,Tata,2004,180000,70000,Diesel,Manual,3,Yes
Hyundai Xcent SX,Hyundai,2015,400000,43000,Diesel,Manual,3,No
Hyundai Eon Magna,Hyundai,2013,185000,23000,Petrol,Automatic,2,Yes
Renault Duster 85,Renault,2015,385000,51000,Diesel,Manual,1,No
Maruti Suzuki Alto,Maruti,2009,90000,62000,Petrol,Automatic,1,Yes
Tata Nano LX,Tata,2010,32000,48008,Petrol,Manual,4,No
Renault Duster 110,Renault,2013,435000,39000,Diesel,Manual,1,No
Maruti Suzuki Wagon,Maruti,2010,225000,40000,Petrol,Automatic,2,No
Maruti Suzuki Swift,Maruti,2006,189700,48247,Petrol,Manual,1,Yes
Maruti Suzuki Ertiga,Maruti,2012,389700,39000,Diesel,Automatic,4,Yes
Maruti Suzuki Swift,Maruti,2014,365000,23000,Petrol,Manual,2,No
Maruti Suzuki Alto,Maruti,2017,360000,9400,Petrol,Automatic,4,Yes
Hyundai i20 Magna,Hyundai,2010,210000,50000,Petrol,Manual,3,No
Hyundai i10 Magna,Hyundai,2009,170000,75000,Petrol,Automatic,4,Yes
Tata Zest XE,Tata,2017,380000,70000,Diesel,Automatic,1,Yes
Mahindra Xylo E8,Mahindra,2009,295000,64000,Diesel,Manual,4,Yes
Toyota Corolla Altis,Toyota,2010,185000,55000,Petrol,Automatic,2,No
Tata Manza Aqua,Tata,2014,160000,200000,Diesel,Manual,1,No
Renault Kwid 1.0,Renault,2018,290000,2137,Petrol,Automatic,4,Yes
Tata Venture EX,Tata,2013,100000,30000,Diesel,Automatic,4,No
Maruti Suzuki Swift,Maruti,2014,315000,44000,Petrol,Manual,1,Yes
Skoda Octavia Classic,Skoda,2006,114990,65000,Diesel,Manual,4,No
Maruti Suzuki Omni,Maruti,2012,120000,160000,LPG,Automatic,0,No
Chevrolet Beat Diesel,Chevrolet,2011,125000,56000,Diesel,Manual,4,No
Tata Sumo Gold,Tata,2012,210000,75000,Diesel,Automatic,1,Yes
Hyundai Verna 1.6,Hyundai,2018,855000,42000,Diesel,Automatic,4,Yes
Tata Sumo Gold,Tata,2012,210000,75000,Diesel,Manual,2,Yes
Mahindra Scorpio 2.6,Mahindra,2007,260000,56000,Diesel,Automatic,3,No
Maruti Suzuki Zen,Maruti,2002,95000,10544,Petrol,Manual,0,No
Maruti Suzuki Swift,Maruti,2011,255000,64000,Petrol,Automatic,2,Yes
Mahindra Scorpio SLX,Mahindra,2008,300000,70000,Diesel,Manual,3,Yes
Hyundai Grand i10,Hyundai,2014,340000,25000,Petrol,Automatic,4,No
Hyundai Elite i20,Hyundai,2017,550000,15000,Petrol,Manual,4,Yes
Ford Ikon 1.6,Ford,2003,60000,50000,Petrol,Automatic,2,No
Toyota Innova 2.5,Toyota,2011,750000,147000,Diesel,Manual,4,No
Nissan Sunny XL,Nissan,2011,230000,52000,Petrol,Automatic,1,No
Chevrolet Beat LT,Chevrolet,2012,130000,90001,Diesel,Manual,1,Yes
Maruti Suzuki Alto,Maruti,2017,270000,21000,Petrol,Automatic,3,Yes
Maruti Suzuki Swift,Maruti,2012,280000,48006,Diesel,Manual,2,Yes
Maruti Suzuki Swift,Maruti,2012,280000,48006,Diesel,Automatic,4,No
Maruti Suzuki Swift,Maruti,2012,280000,48006,Diesel,Manual,3,No
Toyota Innova 2.0,Toyota,2012,600000,80000,Diesel,Manual,4,Yes
Maruti Suzuki Swift,Maruti,2010,190000,74000,Diesel,Manual,1,Yes
Hyundai Elite i20,Hyundai,2015,500000,22000,Petrol,Automatic,4,Yes
Mahindra XUV500 W10,Mahindra,2016,1065000,41000,Diesel,Manual,1,Yes
Volkswagen Polo Trendline,Volkswagen,2015,350000,25000,Diesel,Automatic,2,Yes
Toyota Etios Liva,Toyota,2012,350000,85000,Diesel,Manual,3,Yes
Mahindra TUV300 T4,Mahindra,2016,540000,29500,Diesel,Automatic,0,Yes
Hyundai Elite i20,Hyundai,2015,470000,30000,Petrol,Manual,4,No
Hyundai Santro Xing,Hyundai,2014,179000,57000,Petrol,Automatic,2,No
Maruti Suzuki Zen,Maruti,2003,48000,60000,Petrol,Manual,0,Yes
Maruti Suzuki Ciaz,Maruti,2016,650000,50000,Petrol,Automatic,2,No
Hyundai Eon Era,Hyundai,2013,190000,39700,Petrol,Manual,3,No
Hyundai Elantra 1.8,Hyundai,2012,500000,65000,Petrol,Automatic,1,Yes
Maruti Suzuki Swift,Maruti,2010,270000,67000,Diesel,Manual,0,No
Maruti Suzuki Zen,Maruti,2008,125000,46000,Petrol,Automatic,0,Yes
Hyundai Eon Era,Hyundai,2012,188000,38000,Petrol,Manual,2,No
Hyundai Grand i10,Hyundai,2016,380000,27000,Petrol,Automatic,4,Yes
Hyundai Verna Fluidic,Hyundai,2011,365000,43000,Diesel,Manual,0,Yes
Ford EcoSport Trend,Ford,2014,465000,47000,Petrol,Automatic,3,No
Hyundai i20 Magna,Hyundai,2011,240000,42000,Petrol,Manual,4,No
Chevrolet Beat Diesel,Chevrolet,2016,179999,19336,Diesel,Automatic,3,Yes
Tata Indica eV2,Tata,2015,140000,60105,Diesel,Manual,0,Yes
Jaguar XF 2.2,Jaguar,2013,2190000,29000,Diesel,Automatic,2,Yes
Audi Q5 2.0,Audi,2014,2390000,34000,Diesel,Manual,4,No
BMW 3 Series,BMW,2011,1075000,35000,Diesel,Automatic,2,Yes
Maruti Suzuki Swift,Maruti,2015,475000,22000,Petrol,Manual,3,No
BMW X1 sDrive20d,BMW,2012,1025000,41000,Diesel,Automatic,0,Yes
Maruti Suzuki S,Maruti,2016,615000,21000,Diesel,Manual,3,Yes
Maruti Suzuki Ertiga,Maruti,2013,475000,48000,Diesel,Automatic,0,No
Maruti Suzuki Alto,Maruti,2016,270000,38000,Petrol,Manual,1,Yes
Honda City SV,Honda,2014,475000,34000,Diesel,Automatic,3,Yes
Volkswagen Vento Comfortline,Volkswagen,2011,240000,45933,Petrol,Manual,1,Yes
Honda City 1.5,Honda,2005,120000,68000,Petrol,Automatic,3,No
Audi A4 2.0,Audi,2016,1900000,44000,Diesel,Manual,1,Yes
Mahindra KUV100,Mahindra,2017,360000,35000,Diesel,Automatic,1,Yes
Tata Zest XE,Tata,2018,450000,102563,Diesel,Manual,3,Yes
Mahindra XUV500 W8,Mahindra,2015,900000,28600,Diesel,Automatic,3,Yes
Maruti Suzuki Swift,Maruti,2017,650000,41800,Diesel,Manual,2,Yes
Tata Sumo Gold,Tata,2014,275000,116000,Diesel,Automatic,3,No
Maruti Suzuki Swift,Maruti,2009,210000,59000,Petrol,Manual,3,Yes
Mahindra Scorpio 2.6,Mahindra,2004,175000,58000,Diesel,Automatic,2,Yes
Maruti Suzuki Omni,Maruti,2009,85000,45000,Petrol,Manual,3,No
Mitsubishi Pajero Sport,Mitsubishi,2015,1490000,42590,Diesel,Automatic,0,Yes
Renault Duster,Renault,2014,800000,7400,Diesel,Manual,2,No
Volkswagen Jetta Comfortline,Volkswagen,2009,450000,54500,Diesel,Automatic,3,Yes
Maruti Suzuki Ertiga,Maruti,2012,1000000,200000,Diesel,Manual,2,No
Audi A4 2.0,Audi,2013,1510000,27000,Diesel,Automatic,2,Yes
Volvo S80 Summum,Volvo,2015,1850000,42000,Diesel,Manual,1,No
Toyota Corolla Altis,Toyota,2014,790000,29000,Petrol,Automatic,2,Yes
Mitsubishi Pajero Sport,Mitsubishi,2015,1725000,37000,Diesel,Manual,2,Yes
Chevrolet Beat LT,Chevrolet,2012,135000,36000,Petrol,Automatic,3,No
BMW X1,BMW,2011,1000000,34000,Diesel,Manual,2,Yes
Datsun Redi GO,Datsun,2018,299999,7000,Petrol,Automatic,2,No
Mercedes Benz C,Mercedes,2009,1225000,76000,Diesel,Manual,1,Yes
Mahindra Scorpio SLX,Mahindra,2004,175000,60000,Diesel,Automatic,4,Yes
Volkswagen Vento Comfortline,Volkswagen,2011,200000,95000,Diesel,Manual,1,No
Tata Indigo CS,Tata,2017,270000,50000,Diesel,Automatic,4,Yes
Ford Figo Petrol,Ford,2019,525000,0,Petrol,Manual,1,No
Honda City ZX,Honda,2006,180000,50000,Petrol,Automatic,2,No
Maruti Suzuki Wagon,Maruti,2008,140000,68000,Petrol,Manual,3,Yes
Ford EcoSport Trend,Ford,2014,400000,16000,Petrol,Automatic,2,No
Maruti Suzuki Swift,Maruti,2016,499000,51000,Diesel,Manual,0,No
Maruti Suzuki Omni,Maruti,2009,85000,56000,Petrol,Automatic,4,No
Maruti Suzuki Zen,Maruti,2004,70000,100000,Petrol,Manual,4,Yes
Renault Duster RxL,Renault,2015,550000,36000,Petrol,Automatic,2,No
Maruti Suzuki Swift,Maruti,2014,370000,11523,Petrol,Manual,1,Yes
Maruti Suzuki Baleno,Maruti,2018,690000,1000,Petrol,Automatic,1,No
Honda WR V,Honda,2009,250000,60000,Petrol,Manual,1,Yes
Tata Indigo CS,Tata,2016,110000,85000,Diesel,Automatic,0,No
Renault Duster 110,Renault,2013,490000,38600,Diesel,Manual,2,No
Mahindra Scorpio LX,Mahindra,2009,320000,95500,Diesel,Automatic,1,No
Maruti Suzuki Zen,Maruti,2004,68000,56000,Petrol,Manual,4,No
Maruti Suzuki Wagon,Maruti,2014,130000,37458,Petrol,Automatic,0,Yes
Maruti Suzuki SX4,Maruti,2016,970000,85960,Diesel,Manual,3,No
Audi A3 Cabriolet,Audi,2015,3100000,12516,Petrol,Automatic,3,Yes
Hyundai Eon D,Hyundai,2018,280000,35000,Petrol,Manual,4,Yes
Maruti Suzuki Zen,Maruti,2009,125000,0,Petrol,Automatic,1,Yes
Mahindra Scorpio SLX,Mahindra,2008,285000,80000,Diesel,Manual,3,No
Hyundai Santro AE,Hyundai,2011,165000,45000,Petrol,Manual,3,Yes
Maruti Suzuki Swift,Maruti,2009,250000,51000,Diesel,Manual,4,No
Mahindra Scorpio S4,Mahindra,2015,865000,30000,Diesel,Automatic,1,Yes
Mahindra Xylo D2,Mahindra,2011,390000,48000,Diesel,Automatic,1,No
Hyundai Santro,Hyundai,2003,60000,51000,Petrol,Manual,3,No
Chevrolet Beat LT,Chevrolet,2015,215000,90000,Diesel,Automatic,2,Yes
Maruti Suzuki Swift,Maruti,2015,475000,43000,Diesel,Manual,2,No
Mahindra XUV500 W8,Mahindra,2015,899000,53000,Diesel,Automatic,4,Yes
Toyota Fortuner 3.0,Toyota,2013,1499000,97000,Diesel,Manual,3,Yes
Maruti Suzuki Alto,Maruti,2013,240000,20000,Petrol,Automatic,2,Yes
Hyundai Getz GLE,Hyundai,2007,99000,55000,Petrol,Manual,4,Yes
Maruti Suzuki Swift,Maruti,2014,260000,120000,Diesel,Automatic,4,Yes
Hyundai Creta 1.6,Hyundai,2019,1200000,0,Petrol,Manual,3,Yes
Hyundai Santro Xing,Hyundai,2007,115000,46000,Petrol,Automatic,0,No
Hyundai Santro Xing,Hyundai,2009,88000,43200,Petrol,Manual,2,Yes
Mahindra Xylo D2,Mahindra,2011,390000,56000,Diesel,Automatic,4,Yes
Hyundai Santro Xing,Hyundai,2007,135000,42000,Petrol,Manual,1,No
Tata Indica V2,Tata,2009,90000,30600,Diesel,Automatic,2,Yes
Hyundai i10 Sportz,Hyundai,2011,220000,38000,Petrol,Manual,2,Yes
Hyundai Grand i10,Hyundai,2017,424999,2550,Petrol,Automatic,2,Yes
Hyundai Santro Xing,Hyundai,2007,135000,47000,Petrol,Manual,3,Yes
Honda City 1.5,Honda,2005,95000,41000,Petrol,Automatic,3,Yes
Nissan Micra XL,Nissan,2017,430000,62500,Diesel,Manual,0,No
Honda City 1.5,Honda,2005,115000,68000,Petrol,Automatic,3,No
Maruti Suzuki Alto,Maruti,2015,215000,50000,Petrol,Manual,4,Yes
Maruti Suzuki Wagon,Maruti,2004,53000,69000,Petrol,Automatic,3,No
Maruti Suzuki Ertiga,Maruti,2012,500000,48000,Diesel,Manual,2,No
Tata Indica eV2,Tata,2012,85000,55000,Diesel,Automatic,2,Yes
Maruti Suzuki Omni,Maruti,2013,165000,25000,Petrol,Manual,0,Yes
Hyundai Eon Era,Hyundai,2014,200000,28400,Petrol,Automatic,1,Yes
Hyundai Eon,Hyundai,2014,200000,28000,Petrol,Manual,4,No
Maruti Suzuki Swift,Maruti,2015,425000,42000,Diesel,Automatic,4,No
Hyundai Verna 1.6,Hyundai,2012,600000,29000,Diesel,Automatic,3,No
Chevrolet Tavera LS,Chevrolet,2005,130000,68485,Diesel,Manual,2,Yes
Tata Tiago Revotron,Tata,2018,430000,3500,Petrol,Automatic,2,No
Tata Tiago Revotorq,Tata,2019,568500,0,Petrol,Manual,0,No
Maruti Suzuki Zen,Maruti,2006,71000,32000,Petrol,Automatic,1,Yes
Mahindra KUV100 K8,Mahindra,2018,560000,8000,Diesel,Manual,3,Yes
Ford EcoSport Titanium,Ford,2014,590000,34000,Diesel,Automatic,0,Yes
Hindustan Motors Ambassador,Hindustan,1995,750000,37000,Petrol,Manual,4,Yes
Ford Fusion 1.4,Ford,2007,125000,85455,Diesel,Automatic,4,No
Hyundai Santro Xing,Hyundai,2007,135000,46000,Petrol,Manual,1,No
Hyundai Santro,Hyundai,2002,60000,47000,Petrol,Automatic,1,No
Fiat Linea Emotion,Fiat,2009,120000,64000,Petrol,Manual,2,Yes
Ford Ikon 1.3,Ford,2008,95000,46000,Petrol,Automatic,4,Yes
Maruti Suzuki Omni,Maruti,2017,240000,8000,Petrol,Manual,4,Yes
Tata Indica V2,Tata,2012,115000,64000,Diesel,Automatic,2,Yes
Mahindra Scorpio S4,Mahindra,2015,795000,63000,Diesel,Manual,4,No
Hyundai Santro Xing,Hyundai,2007,55000,65000,Petrol,Automatic,3,Yes
Mahindra Xylo D2,Mahindra,2009,300000,62000,Diesel,Manual,4,No
Hyundai Grand i10,Hyundai,2014,320000,41000,Petrol,Automatic,3,Yes
Maruti Suzuki Alto,Maruti,2015,265000,14000,Petrol,Manual,1,No
Toyota Corolla,Toyota,2006,160000,40000,Petrol,Automatic,1,Yes
Hyundai Eon Magna,Hyundai,2017,300000,1600,Petrol,Manual,2,No
Tata Sumo Grande,Tata,2010,130000,90000,Diesel,Automatic,1,Yes
Maruti Suzuki Swift,Maruti,2011,250000,58000,Diesel,Manual,4,Yes
Volkswagen Polo Highline1.2L,Volkswagen,2013,380000,27000,Petrol,Automatic,2,No
Maruti Suzuki Alto,Maruti,2003,42000,60000,Petrol,Manual,0,Yes
Tata Tiago Revotron,Tata,2017,400000,31000,Petrol,Automatic,2,No
Maruti Suzuki Swift,Maruti,2009,120000,90000,Diesel,Manual,3,No
Maruti Suzuki Swift,Maruti,2009,120000,90000,Diesel,Automatic,4,No
Tata Indigo eCS,Tata,2016,130000,150000,Diesel,Manual,1,No
Chevrolet Beat LS,Chevrolet,2014,189000,31000,Diesel,Automatic,3,No
Mahindra Xylo E8,Mahindra,2011,365000,43000,Diesel,Automatic,4,Yes
Hyundai Eon D,Hyundai,2013,170000,20000,Petrol,Manual,3,Yes
Tata Sumo Gold,Tata,2013,215000,100000,Petrol,Manual,4,No
Tata Nano,Tata,2013,60000,7000,Petrol,Automatic,2,No
Hyundai Elite i20,Hyundai,2017,599999,31000,Petrol,Manual,3,No
Hyundai i10 Magna,Hyundai,2009,400000,33000,Petrol,Automatic,1,No
Hyundai Creta,Hyundai,2016,900000,60000,Diesel,Manual,1,Yes
Volkswagen Polo,Volkswagen,2013,299999,48000,Diesel,Automatic,1,Yes
Maruti Suzuki Dzire,Maruti,2014,374999,33000,Petrol,Manual,3,Yes
Tata Bolt XM,Tata,2015,600000,15000,Petrol,Automatic,1,Yes
Maruti Suzuki Alto,Maruti,2005,70000,47000,Petrol,Manual,3,Yes
Maruti Suzuki Alto,Maruti,2005,100000,40000,Petrol,Automatic,2,Yes
Maruti Suzuki Ritz,Maruti,2010,150000,38000,Diesel,Automatic,3,No
Maruti Suzuki Alto,Maruti,2017,225000,12500,Petrol,Manual,0,No
Maruti Suzuki Dzire,Maruti,2009,210000,42000,Petrol,Automatic,1,Yes
Hyundai i20 Asta,Hyundai,2014,425000,31000,Petrol,Automatic,2,Yes
Maruti Suzuki Swift,Maruti,2008,162000,60000,Diesel,Manual,1,No
Tata Indica V2,Tata,2005,60000,80000,Diesel,Automatic,0,Yes
Mahindra Scorpio VLX,Mahindra,2014,650000,77000,Diesel,Manual,2,Yes
Toyota Innova 2.5,Toyota,2012,750000,75000,Diesel,Automatic,3,Yes
Mahindra Xylo E8,Mahindra,2010,375000,40000,Diesel,Manual,0,Yes
Hyundai i20 Magna,Hyundai,2011,230000,47000,Petrol,Automatic,3,Yes
Maruti Suzuki Omni,Maruti,2000,35999,60000,Petrol,Manual,3,Yes
Mahindra KUV100,Mahindra,2016,380000,26500,Petrol,Automatic,3,No
Mahindra KUV100 K8,Mahindra,2019,560000,2875,Petrol,Manual,0,Yes
Datsun Go Plus,Datsun,2016,285000,13900,Petrol,Automatic,2,Yes
Ford Endeavor 4x4,Ford,2019,2900000,9000,Diesel,Manual,1,No
Tata Indica V2,Tata,2005,39999,80000,Diesel,Automatic,3,Yes
Hyundai Santro Xing,Hyundai,2006,85000,60000,Petrol,Manual,4,Yes
Maruti Suzuki Wagon,Maruti,2016,395000,20000,Petrol,Automatic,1,Yes
Maruti Suzuki Swift,Maruti,2008,175000,58000,Diesel,Manual,3,Yes
Maruti Suzuki Alto,Maruti,2019,400000,1500,Petrol,Automatic,3,Yes
Toyota Innova 2.5,Toyota,2011,750000,75000,Diesel,Manual,4,No
Maruti Suzuki Alto,Maruti,2016,250000,2450,Petrol,Manual,1,Yes
Maruti Suzuki Alto,Maruti,2019,425000,1625,Petrol,Automatic,4,Yes
Volkswagen Polo Highline1.2L,Volkswagen,2017,525000,45000,Petrol,Automatic,2,No
Mahindra Logan,Mahindra,2009,130000,65000,Diesel,Manual,0,No
Maruti Suzuki 800,Maruti,2000,30000,33400,Petrol,Automatic,3,Yes
Mahindra Scorpio,Mahindra,2011,475000,60123,Diesel,Manual,4,No
Chevrolet Sail 1.2,Chevrolet,2013,300000,28000,Petrol,Automatic,0,No
Hyundai Santro AE,Hyundai,2003,60000,70000,Petrol,Automatic,0,No
Maruti Suzuki Wagon,Maruti,2006,100000,7000,Petrol,Manual,2,Yes
Hyundai Eon,Hyundai,2018,260000,25000,Petrol,Automatic,0,No
Tata Manza,Tata,2015,100000,100000,Diesel,Manual,0,No
Toyota Etios G,Toyota,2013,265000,42000,Petrol,Manual,2,Yes
Hyundai Getz Prime,Hyundai,2009,115000,20000,Petrol,Automatic,4,Yes
Toyota Qualis,Toyota,2003,180000,100000,Diesel,Manual,2,No
Hyundai Santro Xing,Hyundai,2004,45000,137495,Petrol,Automatic,0,No
Tata Indica eV2,Tata,2016,50500,91200,Diesel,Manual,1,No
Honda City 1.5,Honda,2009,270000,55000,Petrol,Automatic,1,Yes
Tata Zest XE,Tata,2017,290000,120000,Diesel,Manual,4,No
Mahindra Quanto C4,Mahindra,2013,325000,63000,Diesel,Automatic,2,Yes
Tata Indigo eCS,Tata,2016,160000,104000,Diesel,Manual,0,Yes
Maruti Suzuki Swift,Maruti,2016,350000,146000,Diesel,Automatic,2,Yes
Hyundai Elite i20,Hyundai,2011,290000,40000,Petrol,Manual,1,No
Hyundai i20 Select,Hyundai,2011,290000,40000,Petrol,Automatic,2,Yes
Chevrolet Tavera Neo,Chevrolet,2007,465000,100800,Diesel,Manual,3,No
Maruti Suzuki Dzire,Maruti,2016,325000,150000,Diesel,Automatic,3,Yes
Hyundai Elite i20,Hyundai,2018,510000,2100,Petrol,Manual,3,No
Honda City VX,Honda,2016,860000,95000,Petrol,Automatic,0,No
Maruti Suzuki Dzire,Maruti,2016,450000,2500,Diesel,Manual,4,Yes
Hyundai Getz,Hyundai,2006,125000,80000,Petrol,Automatic,0,Yes
Mercedes Benz C,Mercedes,2006,500001,15000,Petrol,Manual,1,Yes
Maruti Suzuki Alto,Maruti,2005,95000,65000,Petrol,Automatic,4,Yes
Maruti Suzuki Swift,Maruti,2009,250000,51000,Diesel,Manual,2,Yes
Skoda Fabia,Skoda,2009,110000,45000,Petrol,Automatic,2,No
Maruti Suzuki Ritz,Maruti,2011,270000,50000,Petrol,Automatic,2,Yes
Tata Indica V2,Tata,2009,110000,30000,Diesel,Automatic,2,Yes
Toyota Corolla Altis,Toyota,2009,300000,132000,Petrol,Manual,1,Yes
Tata Zest XM,Tata,2018,260000,27000,Diesel,Manual,1,No
Mahindra Quanto C8,Mahindra,2013,390000,40000,Diesel,Automatic,4,No
